﻿designator,quantity,value,pack,mpn,mount_type
BT1,1,Battery,SolderWire-1.5sqmm_1x02_P6mm_D1.7mm_OD3mm_Relief,,tht
"C1, C5",2,10n,C_0603_1608Metric,,smt
"C10, C19, C20",3,10u,C_0805_2012Metric,,smt
"C11, C12, C13, C14, C15, C8",6,22uF,C_0805_2012Metric,,smt
"C16, C17",2,100n,C_0805_2012Metric,,smt
"C18, C2, C3, C4, C6, C7, C9",7,100n,C_0603_1608Metric,,smt
"D1, D2, D3",3,LED,LED_0805_2012Metric,,smt
J1,1,AVR-ISP-6,IDC-Header_2x03_P2.54mm_Vertical_SMD,,smt
J2,1,LOAD1,PinHeader_1x04_P2.54mm_Vertical,,tht
J3,1,LOAD2,PinHeader_1x04_P2.54mm_Vertical,,tht
J4,1,SERVO1,JST_EH_B3B-EH-A_1x03_P2.50mm_Vertical,,tht
J6,1,SERVO2,JST_EH_B3B-EH-A_1x03_P2.50mm_Vertical,,tht
L1,1,3.3uH,L_Taiyo-Yuden_NR-60xx,,smt
Q1,1,MMS8550,SOT-23,,smt
"R1, R12, R13, R3, R5",5,10k,R_0603_1608Metric,,smt
R10,1,20k,R_0603_1608Metric,,smt
R11,1,8.2k,R_0603_1608Metric,,smt
R14,1,54.9k,R_0603_1608Metric,,smt
"R15, R16, R17",3,330,R_0603_1608Metric,,smt
R2,1,15k,R_0603_1608Metric,,smt
R4,1,5k,R_0603_1608Metric,,smt
"R6, R7, R8, R9",4,100,R_0603_1608Metric,,smt
U1,1,ATmega328P-A,TQFP-32_7x7mm_P0.8mm,,smt
U3,1,HC-05,PinHeader_1x06_P2.54mm_Vertical,,tht
U4,1,TPS563208DDCR,TSOT-23-6,,smt
U5,1,AZ1117-5.0,SOT-223-3_TabPin2,,smt
U6,1,HX711,SOP-16_3.9x9.9mm_P1.27mm,,smt
Y1,1,Resonator_Small,Resonator_SMD_Murata_CSTxExxV-3Pin_3.0x1.1mm,,smt
