﻿pos_x,pos_y,rotation,side,designator,mpn,pack,value,mount_type,place
161.9,-90.5,-90.0,bottom,BT1,,SolderWire-1.5sqmm_1x02_P6mm_D1.7mm_OD3mm_Relief,Battery,tht,True
148.7575,-101.275,180.0,top,C1,,C_0603_1608Metric,10n,smt,True
133.635,-104.0,0.0,top,C10,,C_0805_2012Metric,10u,smt,True
163.5,-99.95,90.0,top,C11,,C_0805_2012Metric,22uF,smt,True
165.5,-99.95,90.0,top,C12,,C_0805_2012Metric,22uF,smt,True
167.5,-99.95,90.0,top,C13,,C_0805_2012Metric,22uF,smt,True
169.5,-99.95,90.0,top,C14,,C_0805_2012Metric,22uF,smt,True
171.5,-99.95,90.0,top,C15,,C_0805_2012Metric,22uF,smt,True
173.5,-93.0,0.0,top,C16,,C_0805_2012Metric,100n,smt,True
175.5,-102.0,180.0,top,C17,,C_0805_2012Metric,100n,smt,True
163.0,-105.0,0.0,top,C18,,C_0603_1608Metric,100n,smt,True
157.67,-90.5,-90.0,top,C19,,C_0805_2012Metric,10u,smt,True
148.7575,-102.775,180.0,top,C2,,C_0603_1608Metric,100n,smt,True
141.0,-97.5,90.0,top,C20,,C_0805_2012Metric,10u,smt,True
175.325,-90.5,180.0,top,C3,,C_0603_1608Metric,100n,smt,True
163.0,-103.5,0.0,top,C4,,C_0603_1608Metric,100n,smt,True
166.0,-106.5,0.0,top,C5,,C_0603_1608Metric,10n,smt,True
127.0,-105.0,180.0,top,C6,,C_0603_1608Metric,100n,smt,True
127.0,-93.0,180.0,top,C7,,C_0603_1608Metric,100n,smt,True
157.67,-94.5,90.0,top,C8,,C_0805_2012Metric,22uF,smt,True
129.0,-94.5,180.0,top,C9,,C_0603_1608Metric,100n,smt,True
153.0,-105.4375,-90.0,bottom,D1,,LED_0805_2012Metric,LED,smt,True
156.0,-105.4375,-90.0,bottom,D2,,LED_0805_2012Metric,LED,smt,True
159.0,-105.4375,-90.0,bottom,D3,,LED_0805_2012Metric,LED,smt,True
174.0,-103.3,90.0,bottom,J1,,IDC-Header_2x03_P2.54mm_Vertical_SMD,AVR-ISP-6,smt,True
132.95,-90.5,90.0,bottom,J2,,PinHeader_1x04_P2.54mm_Vertical,LOAD1,tht,True
132.95,-107.5,90.0,bottom,J3,,PinHeader_1x04_P2.54mm_Vertical,LOAD2,tht,True
138.32,-91.3,0.0,bottom,J4,,JST_EH_B3B-EH-A_1x03_P2.50mm_Vertical,SERVO1,tht,True
138.32,-107.3,0.0,bottom,J6,,JST_EH_B3B-EH-A_1x03_P2.50mm_Vertical,SERVO2,tht,True
167.5,-94.5,0.0,top,L1,,L_Taiyo-Yuden_NR-60xx,3.3uH,smt,True
138.0,-97.5,90.0,top,Q1,,SOT-23,MMS8550,smt,True
163.0,-106.5,0.0,top,R1,,R_0603_1608Metric,10k,smt,True
135.0,-94.5,180.0,top,R10,,R_0603_1608Metric,20k,smt,True
132.0,-94.5,180.0,top,R11,,R_0603_1608Metric,8.2k,smt,True
179.0,-100.0,180.0,top,R12,,R_0603_1608Metric,10k,smt,True
176.5,-97.0,-90.0,top,R13,,R_0603_1608Metric,10k,smt,True
175.5,-100.0,0.0,top,R14,,R_0603_1608Metric,54.9k,smt,True
153.0,-102.175,90.0,bottom,R15,,R_0603_1608Metric,330,smt,True
156.0,-102.175,90.0,bottom,R16,,R_0603_1608Metric,330,smt,True
159.0,-102.175,90.0,bottom,R17,,R_0603_1608Metric,330,smt,True
169.325,-90.5,0.0,top,R2,,R_0603_1608Metric,15k,smt,True
172.325,-90.5,0.0,top,R3,,R_0603_1608Metric,10k,smt,True
123.0,-97.5,-90.0,top,R4,,R_0603_1608Metric,5k,smt,True
123.0,-100.5,-90.0,top,R5,,R_0603_1608Metric,10k,smt,True
130.0,-105.0,180.0,top,R6,,R_0603_1608Metric,100,smt,True
124.0,-105.0,0.0,top,R7,,R_0603_1608Metric,100,smt,True
130.0,-93.0,180.0,top,R8,,R_0603_1608Metric,100,smt,True
124.0,-93.0,0.0,top,R9,,R_0603_1608Metric,100,smt,True
156.0,-103.0,0.0,top,U1,,TQFP-32_7x7mm_P0.8mm,ATmega328P-A,smt,True
120.0,-92.65,0.0,top,U3,,PinHeader_1x06_P2.54mm_Vertical,HC-05,tht,True
173.5,-96.05,0.0,top,U4,,TSOT-23-6,TPS563208DDCR,smt,True
151.5,-92.5,180.0,top,U5,,SOT-223-3_TabPin2,AZ1117-5.0,smt,True
130.635,-99.0,-90.0,top,U6,,SOP-16_3.9x9.9mm_P1.27mm,HX711,smt,True
148.7575,-105.475,90.0,top,Y1,,Resonator_SMD_Murata_CSTxExxV-3Pin_3.0x1.1mm,Resonator_Small,smt,True
