﻿designator,quantity,value,pack,mpn,mount_type
Battery1,1,Conn_01x02_Socket,SolderWire-2sqmm_1x02_P7.8mm_D2mm_OD3.9mm,,tht
"C1, C2, C3, C4",4,100n,C_0603_1608Metric,,smt
"C10, C11, C14, C15, C16, C5, C6, C7, C8, C9",10,22uF,C_0805_2012Metric,,smt
"C12, C17",2,0.1uF,C_0805_2012Metric,,smt
I2C1,1,FS2,JST_XH_B4B-XH-A_1x04_P2.50mm_Vertical,,tht
I2C2,1,FS1,JST_XH_B4B-XH-A_1x04_P2.50mm_Vertical,,tht
ISC3,1,MAIN,JST_XH_B5B-XH-A_1x05_P2.50mm_Vertical,,tht
"J1, J3",2,Conn_01x02_Pin,JST_XH_B2B-XH-A_1x02_P2.50mm_Vertical,,tht
J2,1,Conn_01x04_Male,PinHeader_1x04_P2.54mm_Horizontal,,tht
J4,1,Conn_01x07_Pin,JST_XH_B7B-XH-A_1x07_P2.50mm_Vertical,,tht
JP1,1,Jumper_3_Open,SolderJumper-3_P2.0mm_Open_TrianglePad1.0x1.5mm,,tht
"L1, L2",2,3.3uH,L_Taiyo-Yuden_NR-60xx,,smt
LED9,1,LED1,LED_D4.0mm,,tht
"P1, P2, P3, P4, S1, S2, S3, S4, S5",9,Conn_01x03_Pin,JST_EH_B3B-EH-A_1x03_P2.50mm_Vertical,,tht
"R1, R2, R3, R4, R7, R8",6,10k,R_0603_1608Metric,,smt
R5,1,420,R_0603_1608Metric,,smt
R6,1,33.2k	,R_0603_1608Metric,,smt
R9,1,54.9k,R_0603_1608Metric,,smt
SW2,1,SW_Push,SW_SPST_B3U-1000P-B,,smt
U1,1,STM32F103C8Tx,LQFP-48_7x7mm_P0.5mm,,smt
"U2, U3",2,~,TSOT-23-6,,smt
Y1,1,8Mhz,Resonator_SMD_Murata_CSTxExxV-3Pin_3.0x1.1mm,,smt
