﻿designator,quantity,value,pack,mpn,mount_type
BT1,1,Battery,SolderWire-1.5sqmm_1x02_P6mm_D1.7mm_OD3mm_Relief,,tht
"C1, C11, C2, C3, C5, C9",6,100n,C_0603_1608Metric,,smt
"C10, C15, C16, C18, C4, C6",6,10u,C_0805_2012Metric,,smt
C12,1,100n,C_0805_2012Metric,,smt
"C13, C14",2,22u,C_0805_2012Metric,,smt
"C19, C20",2,22uF,C_0805_2012Metric,,smt
C7,1,10n,C_0603_1608Metric,,smt
"D1, D2, D3",3,LED,LED_0805_2012Metric,,smt
J1,1,LOAD1,PinHeader_1x04_P2.54mm_Vertical,,tht
J2,1,LOAD2,PinHeader_1x04_P2.54mm_Vertical,,tht
J3,1,AVR-UPDI-6,PinHeader_2x03_P2.54mm_Vertical_SMD,,smt
J4,1,SERVO2,JST_EH_B3B-EH-A_1x03_P2.50mm_Vertical,,tht
J5,1,SERVO1,JST_EH_B3B-EH-A_1x03_P2.50mm_Vertical,,tht
J6,1,SERIAL,PinHeader_1x04_P2.54mm_Vertical,,tht
JP1,1,ADDRESS,SolderJumper-3_P1.3mm_Open_Pad1.0x1.5mm,,tht
L1,1,3u3,L_Taiyo-Yuden_NR-60xx,,smt
Q1,1,MMSS8550,SOT-23,,smt
"R1, R2, R3",3,430,R_0603_1608Metric,,smt
R10,1,20k,R_0603_1608Metric,,smt
R11,1,8.2k,R_0603_1608Metric,,smt
"R12, R13, R14, R16, R9",5,10k,R_0603_1608Metric,,smt
R15,1,54k9,R_0603_1608Metric,,smt
"R4, R5, R6, R7",4,100,R_0603_1608Metric,,smt
R8,1,15k,R_0603_1608Metric,,smt
U1,1,ATtiny1616-M,VQFN-20-1EP_3x3mm_P0.4mm_EP1.7x1.7mm,,smt
U2,1,HX711,SOP-16_3.9x9.9mm_P1.27mm,,smt
U3,1,TPS563208DDCR,TSOT-23-6,,smt
U4,1,AZ1117-5.0,SOT-223-3_TabPin2,,smt
U5,1,AZ1117-3.3,SOT-223-3_TabPin2,,smt
U6,1,NRF24L01_Breakout,nRF24L01_Breakout,,tht
