﻿pos_x,pos_y,rotation,side,designator,mpn,pack,value,mount_type,place
126.25,-114.0,-90.0,bottom,BT1,,SolderWire-1.5sqmm_1x02_P6mm_D1.7mm_OD3mm_Relief,Battery,tht,False
89.5,-105.705,-90.0,top,C1,,C_0603_1608Metric,100n,smt,True
133.25,-116.65,90.0,top,C10,,C_0805_2012Metric,10u,smt,True
135.0,-116.9,90.0,top,C11,,C_0603_1608Metric,100n,smt,True
136.8,-110.9,180.0,top,C12,,C_0805_2012Metric,100n,smt,True
136.8,-106.9,180.0,top,C13,,C_0805_2012Metric,22u,smt,True
136.8,-108.9,180.0,top,C14,,C_0805_2012Metric,22u,smt,True
122.25,-114.0,0.0,top,C15,,C_0805_2012Metric,10u,smt,True
100.25,-104.5,-90.0,top,C16,,C_0805_2012Metric,10u,smt,True
113.3,-106.25,180.0,top,C18,,C_0805_2012Metric,10u,smt,True
127.5,-107.75,-90.0,top,C19,,C_0805_2012Metric,22uF,smt,True
89.5,-117.185,-90.0,top,C2,,C_0603_1608Metric,100n,smt,True
111.5,-103.5,-90.0,top,C20,,C_0805_2012Metric,22uF,smt,True
119.73,-114.98,90.0,top,C3,,C_0603_1608Metric,100n,smt,True
98.75,-116.25,0.0,top,C4,,C_0805_2012Metric,10u,smt,True
108.75,-111.85,-90.0,top,C5,,C_0603_1608Metric,100n,smt,True
93.0,-102.25,0.0,top,C6,,C_0805_2012Metric,10u,smt,True
107.25,-111.85,-90.0,top,C7,,C_0603_1608Metric,10n,smt,True
94.25,-107.0,180.0,top,C9,,C_0603_1608Metric,100n,smt,True
104.0,-117.6875,90.0,top,D1,,LED_0805_2012Metric,LED,smt,True
106.25,-117.6875,90.0,top,D2,,LED_0805_2012Metric,LED,smt,True
108.5,-117.6875,90.0,top,D3,,LED_0805_2012Metric,LED,smt,True
86.75,-102.0,0.0,top,J1,,PinHeader_1x04_P2.54mm_Vertical,LOAD1,tht,False
86.75,-113.42,0.0,top,J2,,PinHeader_1x04_P2.54mm_Vertical,LOAD2,tht,False
143.0,-104.75,-90.0,top,J3,,PinHeader_2x03_P2.54mm_Vertical_SMD,AVR-UPDI-6,smt,True
135.5,-103.25,180.0,top,J4,,JST_EH_B3B-EH-A_1x03_P2.50mm_Vertical,SERVO2,tht,True
119.5,-102.5,0.0,top,J5,,JST_EH_B3B-EH-A_1x03_P2.50mm_Vertical,SERVO1,tht,True
92.25,-120.5,90.0,top,J6,,PinHeader_1x04_P2.54mm_Vertical,SERIAL,tht,False
94.3,-117.0,180.0,top,JP1,,SolderJumper-3_P1.3mm_Open_Pad1.0x1.5mm,ADDRESS,tht,True
131.825,-111.15,90.0,top,L1,,L_Taiyo-Yuden_NR-60xx,3u3,smt,True
96.75,-104.5,180.0,top,Q1,,SOT-23,MMSS8550,smt,True
104.0,-121.0,-90.0,top,R1,,R_0603_1608Metric,430,smt,True
94.0,-104.75,-90.0,top,R10,,R_0603_1608Metric,20k,smt,True
92.5,-104.75,90.0,top,R11,,R_0603_1608Metric,8.2k,smt,True
113.25,-103.75,90.0,top,R12,,R_0603_1608Metric,10k,smt,True
106.5,-109.5,180.0,top,R13,,R_0603_1608Metric,10k,smt,True
137.25,-116.15,0.0,top,R14,,R_0603_1608Metric,10k,smt,True
140.25,-113.65,-90.0,top,R15,,R_0603_1608Metric,54k9,smt,True
140.25,-116.65,90.0,top,R16,,R_0603_1608Metric,10k,smt,True
106.25,-121.0,-90.0,top,R2,,R_0603_1608Metric,430,smt,True
108.5,-121.0,-90.0,top,R3,,R_0603_1608Metric,430,smt,True
89.5,-108.955,90.0,top,R4,,R_0603_1608Metric,100,smt,True
89.5,-102.455,-90.0,top,R5,,R_0603_1608Metric,100,smt,True
89.5,-120.435,90.0,top,R6,,R_0603_1608Metric,100,smt,True
89.5,-113.935,-90.0,top,R7,,R_0603_1608Metric,100,smt,True
122.0,-115.75,180.0,top,R8,,R_0603_1608Metric,15k,smt,True
118.23,-114.98,90.0,top,R9,,R_0603_1608Metric,10k,smt,True
103.8,-112.8,180.0,top,U1,,VQFN-20-1EP_3x3mm_P0.4mm_EP1.7x1.7mm,ATtiny1616-M,smt,True
95.5,-111.5,-90.0,top,U2,,SOP-16_3.9x9.9mm_P1.27mm,HX711,smt,True
137.25,-113.65,0.0,top,U3,,TSOT-23-6,TPS563208DDCR,smt,True
122.0,-109.25,0.0,top,U4,,SOT-223-3_TabPin2,AZ1117-5.0,smt,True
105.85,-104.5,0.0,top,U5,,SOT-223-3_TabPin2,AZ1117-3.3,smt,True
111.96,-109.13,0.0,top,U6,,nRF24L01_Breakout,NRF24L01_Breakout,tht,True
