﻿pos_x,pos_y,rotation,side,designator,mpn,pack,value,mount_type,place
141.975,-95.075,180.0,top,Battery1,,SolderWire-2sqmm_1x02_P7.8mm_D2mm_OD3.9mm,Conn_01x02_Socket,tht,True
136.67,-68.198217,-90.0,top,C1,,C_0603_1608Metric,100n,smt,True
134.55,-90.75,90.0,top,C10,,C_0805_2012Metric,22uF,smt,True
136.8,-90.7,90.0,top,C11,,C_0805_2012Metric,22uF,smt,True
135.725,-84.425,0.0,top,C12,,C_0805_2012Metric,0.1uF,smt,True
141.7,-90.782682,-90.0,top,C14,,C_0805_2012Metric,22uF,smt,True
143.8,-90.782682,-90.0,top,C15,,C_0805_2012Metric,22uF,smt,True
145.9,-90.8,-90.0,top,C16,,C_0805_2012Metric,22uF,smt,True
150.075,-87.275,-90.0,top,C17,,C_0805_2012Metric,0.1uF,smt,True
135.0,-80.25,90.0,top,C2,,C_0603_1608Metric,100n,smt,True
134.95,-76.55,-90.0,top,C3,,C_0603_1608Metric,100n,smt,True
146.85,-76.8,90.0,top,C4,,C_0603_1608Metric,100n,smt,True
141.7,-87.3,90.0,top,C5,,C_0805_2012Metric,22uF,smt,True
143.8,-87.3,90.0,top,C6,,C_0805_2012Metric,22uF,smt,True
128.4,-90.8,90.0,top,C7,,C_0805_2012Metric,22uF,smt,True
130.425,-90.825,90.0,top,C8,,C_0805_2012Metric,22uF,smt,True
132.5,-90.825,90.0,top,C9,,C_0805_2012Metric,22uF,smt,True
126.4,-60.6,180.0,top,I2C1,,JST_XH_B4B-XH-A_1x04_P2.50mm_Vertical,FS2,tht,True
161.1,-60.6,180.0,top,I2C2,,JST_XH_B4B-XH-A_1x04_P2.50mm_Vertical,FS1,tht,True
156.18,-98.13,90.0,top,ISC3,,JST_XH_B5B-XH-A_1x05_P2.50mm_Vertical,MAIN,tht,True
147.775,-95.5,0.0,top,J1,,JST_XH_B2B-XH-A_1x02_P2.50mm_Vertical,Conn_01x02_Pin,tht,True
162.0,-87.175,0.0,top,J2,,PinHeader_1x04_P2.54mm_Horizontal,Conn_01x04_Male,tht,True
125.9,-95.475,0.0,top,J3,,JST_XH_B2B-XH-A_1x02_P2.50mm_Vertical,Conn_01x02_Pin,tht,True
147.5,-60.6,180.0,top,J4,,JST_XH_B7B-XH-A_1x07_P2.50mm_Vertical,Conn_01x07_Pin,tht,True
151.7,-80.15,90.0,top,JP1,,SolderJumper-3_P2.0mm_Open_TrianglePad1.0x1.5mm,Jumper_3_Open,tht,True
144.5,-82.2,0.0,top,L1,,L_Taiyo-Yuden_NR-60xx,3.3uH,smt,True
130.6,-85.4,-90.0,top,L2,,L_Taiyo-Yuden_NR-60xx,3.3uH,smt,True
131.45,-74.1,-90.0,top,LED9,,LED_D4.0mm,LED1,tht,True
162.675,-66.8,180.0,top,P1,,JST_EH_B3B-EH-A_1x03_P2.50mm_Vertical,Conn_01x03_Pin,tht,True
162.725,-72.0,180.0,top,P2,,JST_EH_B3B-EH-A_1x03_P2.50mm_Vertical,Conn_01x03_Pin,tht,True
162.675,-77.5,180.0,top,P3,,JST_EH_B3B-EH-A_1x03_P2.50mm_Vertical,Conn_01x03_Pin,tht,True
162.725,-82.95,180.0,top,P4,,JST_EH_B3B-EH-A_1x03_P2.50mm_Vertical,Conn_01x03_Pin,tht,True
153.8,-81.15,90.0,top,R1,,R_0603_1608Metric,10k,smt,True
149.55,-73.7,90.0,top,R2,,R_0603_1608Metric,10k,smt,True
150.85,-91.05,90.0,top,R3,,R_0603_1608Metric,10k,smt,True
148.5,-89.95,180.0,top,R4,,R_0603_1608Metric,10k,smt,True
131.45,-80.2,-90.0,top,R5,,R_0603_1608Metric,420,smt,True
152.5,-91.05,90.0,top,R6,,R_0603_1608Metric,33.2k	,smt,True
138.95,-87.825,-90.0,top,R7,,R_0603_1608Metric,10k,smt,True
138.6,-90.925,-90.0,top,R8,,R_0603_1608Metric,10k,smt,True
125.825,-91.775,0.0,top,R9,,R_0603_1608Metric,54.9k,smt,True
123.975,-66.35,180.0,top,S1,,JST_EH_B3B-EH-A_1x03_P2.50mm_Vertical,Conn_01x03_Pin,tht,True
123.975,-71.95,180.0,top,S2,,JST_EH_B3B-EH-A_1x03_P2.50mm_Vertical,Conn_01x03_Pin,tht,True
123.975,-77.25,180.0,top,S3,,JST_EH_B3B-EH-A_1x03_P2.50mm_Vertical,Conn_01x03_Pin,tht,True
123.975,-82.75,180.0,top,S4,,JST_EH_B3B-EH-A_1x03_P2.50mm_Vertical,Conn_01x03_Pin,tht,True
123.975,-88.45,180.0,top,S5,,JST_EH_B3B-EH-A_1x03_P2.50mm_Vertical,Conn_01x03_Pin,tht,True
152.05,-74.65,90.0,top,SW2,,SW_SPST_B3U-1000P-B,SW_Push,smt,True
140.8525,-73.64,180.0,top,U1,,LQFP-48_7x7mm_P0.5mm,STM32F103C8Tx,smt,True
136.0625,-87.25,0.0,top,U2,,TSOT-23-6,~,smt,True
146.9125,-87.3,0.0,top,U3,,TSOT-23-6,~,smt,True
147.4,-73.25,90.0,top,Y1,,Resonator_SMD_Murata_CSTxExxV-3Pin_3.0x1.1mm,8Mhz,smt,True
