﻿pos_x,pos_y,rotation,side,designator,mpn,pack,value,mount_type,place
294.175,-85.475,-90.0,bottom,BT1,,SolderWire-1.5sqmm_1x02_P6mm_D1.7mm_OD3mm_Relief,Battery,tht,False
146.8375,-191.83125,180.0,top,Battery1,,SolderWire-2sqmm_1x02_P7.8mm_D2mm_OD3.9mm,Conn_01x02_Socket,tht,True
282.0,-190.2,180.0,top,C1,,C_0603_1608Metric,10 nF,smt,True
141.5325,-164.954467,-90.0,top,C1,,C_0603_1608Metric,100n,smt,True
167.605,-98.29931,0.0,top,C1,,C_0603_1608Metric,10n,smt,True
257.425,-77.18,-90.0,top,C1,,C_0603_1608Metric,100n,smt,True
293.0,-171.2,-90.0,top,C10,,C_0805_2012Metric,10uF,smt,True
139.4125,-187.50625,90.0,top,C10,,C_0805_2012Metric,22uF,smt,True
157.9022,-76.40451,-90.0,top,C10,,C_0603_1608Metric,1u,smt,True
301.175,-88.125,90.0,top,C10,,C_0805_2012Metric,10u,smt,True
294.25,-152.85,90.0,top,C11,,C_0603_1608Metric,1 uF,smt,True
141.6625,-187.45625,90.0,top,C11,,C_0805_2012Metric,22uF,smt,True
154.143,-96.26731,-90.0,top,C11,,C_0603_1608Metric,100n,smt,True
302.925,-88.375,90.0,top,C11,,C_0603_1608Metric,100n,smt,True
273.2,-153.6,180.0,top,C12,,C_0805_2012Metric,10uF,smt,True
140.5875,-181.18125,0.0,top,C12,,C_0805_2012Metric,0.1uF,smt,True
155.8194,-96.16571,-90.0,top,C12,,C_0603_1608Metric,100n,smt,True
304.725,-82.375,180.0,top,C12,,C_0805_2012Metric,100n,smt,True
273.8,-149.8,90.0,top,C13,,C_0805_2012Metric,22uF,smt,True
304.725,-78.375,180.0,top,C13,,C_0805_2012Metric,22u,smt,True
294.5,-149.4,-90.0,top,C14,,C_0805_2012Metric,22 uF,smt,True
146.5625,-187.538932,-90.0,top,C14,,C_0805_2012Metric,22uF,smt,True
304.725,-80.375,180.0,top,C14,,C_0805_2012Metric,22u,smt,True
148.6625,-187.538932,-90.0,top,C15,,C_0805_2012Metric,22uF,smt,True
290.175,-85.475,0.0,top,C15,,C_0805_2012Metric,10u,smt,True
150.7625,-187.55625,-90.0,top,C16,,C_0805_2012Metric,22uF,smt,True
268.175,-75.975,-90.0,top,C16,,C_0805_2012Metric,10u,smt,True
154.9375,-184.03125,-90.0,top,C17,,C_0805_2012Metric,0.1uF,smt,True
281.225,-77.725,180.0,top,C18,,C_0805_2012Metric,10u,smt,True
295.425,-79.225,-90.0,top,C19,,C_0805_2012Metric,22uF,smt,True
282.0,-188.65,180.0,top,C2,,C_0603_1608Metric,100 nF,smt,True
139.8625,-177.00625,90.0,top,C2,,C_0603_1608Metric,100n,smt,True
145.507,-96.06411,-90.0,top,C2,,C_0603_1608Metric,4.7u,smt,True
257.425,-88.66,-90.0,top,C2,,C_0603_1608Metric,100n,smt,True
279.425,-74.975,-90.0,top,C20,,C_0805_2012Metric,22uF,smt,True
282.75,-165.3,180.0,top,C3,,C_0603_1608Metric,1 nF,smt,True
139.8125,-173.30625,-90.0,top,C3,,C_0603_1608Metric,100n,smt,True
287.655,-86.455,90.0,top,C3,,C_0603_1608Metric,100n,smt,True
286.852,-165.231,0.0,top,C4,,C_0603_1608Metric,100 nF,smt,True
151.7125,-173.55625,90.0,top,C4,,C_0603_1608Metric,100n,smt,True
266.675,-87.725,0.0,top,C4,,C_0805_2012Metric,10u,smt,True
287.275,-174.55,-90.0,top,C5,,C_0603_1608Metric,0.1uF,smt,True
146.5625,-184.05625,90.0,top,C5,,C_0805_2012Metric,22uF,smt,True
143.0686,-76.26511,-90.0,top,C5,,C_0603_1608Metric,100n,smt,True
276.675,-83.325,-90.0,top,C5,,C_0603_1608Metric,100n,smt,True
289.175,-174.8,-90.0,top,C6,,C_0805_2012Metric,10uF,smt,True
148.6625,-184.05625,90.0,top,C6,,C_0805_2012Metric,22uF,smt,True
140.427,-89.66331,-90.0,top,C6,,C_0603_1608Metric,100n,smt,True
260.925,-73.725,0.0,top,C6,,C_0805_2012Metric,10u,smt,True
293.325,-174.9,-90.0,top,C7,,C_0603_1608Metric,0.1uF,smt,True
133.2625,-187.55625,90.0,top,C7,,C_0805_2012Metric,22uF,smt,True
155.8194,-76.40451,-90.0,top,C7,,C_0603_1608Metric,100n,smt,True
275.175,-83.325,-90.0,top,C7,,C_0603_1608Metric,10n,smt,True
291.1,-171.2,-90.0,top,C8,,C_0603_1608Metric,0.1uF,smt,True
135.2875,-187.58125,90.0,top,C8,,C_0805_2012Metric,22uF,smt,True
159.593784,-96.308063,90.0,top,C8,,C_0603_1608Metric,100n,smt,True
291.375,-174.9,-90.0,top,C9,,C_0805_2012Metric,10uF,smt,True
137.3625,-187.58125,90.0,top,C9,,C_0805_2012Metric,22uF,smt,True
140.2746,-96.11491,90.0,top,C9,,C_0603_1608Metric,10n,smt,True
262.175,-78.475,180.0,top,C9,,C_0603_1608Metric,100n,smt,True
271.925,-89.1625,90.0,top,D1,,LED_0805_2012Metric,LED,smt,True
274.175,-89.1625,90.0,top,D2,,LED_0805_2012Metric,LED,smt,True
276.425,-89.1625,90.0,top,D3,,LED_0805_2012Metric,LED,smt,True
268.5,-151.2,0.0,top,H1,,MountingHole_3.2mm_M3_ISO14580,MountingHole,tht,False
178.146,-65.02531,0.0,top,H1,,MountingHole_2.5mm_Pad,MountingHole,tht,True
268.5,-192.2,0.0,top,H2,,MountingHole_3.2mm_M3_ISO14580,MountingHole,tht,False
299.0,-151.2,0.0,top,H3,,MountingHole_3.2mm_M3_ISO14580,MountingHole,tht,False
116.678,-107.31631,0.0,top,H3,,MountingHole_2.5mm_Pad,MountingHole,tht,True
299.0,-192.2,0.0,top,H4,,MountingHole_3.2mm_M3_ISO14580,MountingHole,tht,False
181.829,-109.72931,0.0,top,H4,,MountingHole_2.5mm_Pad,MountingHole,tht,True
177.384,-94.48931,0.0,top,H5,,MountingHole_2.7mm_M2.5,MountingHole,tht,True
177.384,-71.50231,0.0,top,H6,,MountingHole_2.7mm_M2.5,MountingHole,tht,True
119.472,-71.50231,0.0,top,H7,,MountingHole_2.7mm_M2.5,MountingHole,tht,True
119.472,-94.48931,0.0,top,H8,,MountingHole_2.7mm_M2.5,MountingHole,tht,True
131.2625,-157.35625,180.0,top,I2C1,,JST_XH_B4B-XH-A_1x04_P2.50mm_Vertical,FS2,tht,True
165.9625,-157.35625,180.0,top,I2C2,,JST_XH_B4B-XH-A_1x04_P2.50mm_Vertical,FS1,tht,True
161.0425,-194.88625,90.0,top,ISC3,,JST_XH_B5B-XH-A_1x05_P2.50mm_Vertical,MAIN,tht,True
279.975,-171.7,180.0,top,J1,,PinHeader_2x03_P2.54mm_Vertical_SMD,AVR-ISP-6,smt,True
152.6375,-192.25625,0.0,top,J1,,JST_XH_B2B-XH-A_1x02_P2.50mm_Vertical,Conn_01x02_Pin,tht,True
149.728,-68.90231,90.0,top,J1,,PinSocket_2x20_P2.54mm_Vertical,Raspberry_Pi_2_3 ANT,tht,True
254.675,-73.475,0.0,top,J1,,PinHeader_1x04_P2.54mm_Vertical,LOAD1,tht,False
277.3,-193.7,90.0,top,J2,,PinHeader_1x06_P2.54mm_Vertical,Conn_01x06_Female,tht,True
166.8625,-183.93125,0.0,top,J2,,PinHeader_1x04_P2.54mm_Horizontal,Conn_01x04_Male,tht,True
111.2678,-77.87771,0.0,top,J2,,PinSocket_1x04_P2.54mm_Vertical,PROGRAM,tht,True
254.675,-84.895,0.0,top,J2,,PinHeader_1x04_P2.54mm_Vertical,LOAD2,tht,False
269.0,-174.95,-90.0,top,J3,,JST_XA_B04B-XASK-1_1x04_P2.50mm_Vertical,Conn_01x04_Socket,tht,True
130.7625,-192.23125,0.0,top,J3,,JST_XH_B2B-XH-A_1x02_P2.50mm_Vertical,Conn_01x02_Pin,tht,True
111.5726,-63.95851,-90.0,top,J3,,JST_EH_B4B-EH-A_1x04_P2.50mm_Vertical,Battery / Pitot/ Orientation,tht,True
310.925,-76.225,-90.0,top,J3,,PinHeader_2x03_P2.54mm_Vertical_SMD,AVR-UPDI-6,smt,True
298.0,-166.9,90.0,top,J4,,AMASS_XT60-M_1x02_P7.20mm_Vertical,BATT,tht,True
152.3625,-157.35625,180.0,top,J4,,JST_XH_B7B-XH-A_1x07_P2.50mm_Vertical,Conn_01x07_Pin,tht,True
111.4202,-103.76031,-90.0,top,J4,,JST_EH_B3B-EH-A_1x03_P2.50mm_Vertical,c02 censor,tht,True
303.425,-74.725,180.0,top,J4,,JST_EH_B3B-EH-A_1x03_P2.50mm_Vertical,SERVO2,tht,True
269.0,-166.8,90.0,top,J5,,AMASS_XT60-F_1x02_P7.20mm_Vertical,VEH,tht,True
111.5218,-91.24191,-90.0,top,J5,,JST_EH_B3B-EH-A_1x03_P2.50mm_Vertical,shaftencorder,tht,True
287.425,-73.975,0.0,top,J5,,JST_EH_B3B-EH-A_1x03_P2.50mm_Vertical,SERVO1,tht,True
181.6766,-84.93891,90.0,top,J6,,USB_C_Receptacle_HRO_TYPE-C-31-M-12,USB_C_Receptacle_USB2.0,smt,True
260.175,-91.975,90.0,top,J6,,PinHeader_1x04_P2.54mm_Vertical,SERIAL,tht,False
122.854,-106.80831,0.0,top,J7,,JST_EH_B3B-EH-A_1x03_P2.50mm_Vertical,SparLoad,tht,True
183.099,-103.53871,90.0,top,J8,,JST_EH_B4B-EH-A_1x04_P2.50mm_Vertical,lidar,tht,True
183.053,-74.34331,90.0,top,J9,,JST_EH_B5B-EH-A_1x05_P2.50mm_Vertical,Control Board,tht,True
275.5,-178.2,-90.0,top,JP1,,SolderJumper-2_P1.3mm_Open_Pad1.0x1.5mm,Power Connect,tht,True
156.5625,-176.90625,90.0,top,JP1,,SolderJumper-3_P2.0mm_Open_TrianglePad1.0x1.5mm,Jumper_3_Open,tht,True
132.4006,-78.84291,-90.0,top,JP1,,SolderJumper-3_P2.0mm_Open_TrianglePad1.0x1.5mm_NumberLabels,BOOT0,tht,False
262.225,-88.475,180.0,top,JP1,,SolderJumper-3_P1.3mm_Open_Pad1.0x1.5mm,ADDRESS,tht,True
149.3625,-178.95625,0.0,top,L1,,L_Taiyo-Yuden_NR-60xx,3.3uH,smt,True
299.75,-82.625,90.0,top,L1,,L_Taiyo-Yuden_NR-60xx,3u3,smt,True
135.4625,-182.15625,-90.0,top,L2,,L_Taiyo-Yuden_NR-60xx,3.3uH,smt,True
136.3125,-170.85625,-90.0,top,LED9,,LED_D4.0mm,LED1,tht,True
167.5375,-163.55625,180.0,top,P1,,JST_EH_B3B-EH-A_1x03_P2.50mm_Vertical,Conn_01x03_Pin,tht,True
167.5875,-168.75625,180.0,top,P2,,JST_EH_B3B-EH-A_1x03_P2.50mm_Vertical,Conn_01x03_Pin,tht,True
167.5375,-174.25625,180.0,top,P3,,JST_EH_B3B-EH-A_1x03_P2.50mm_Vertical,Conn_01x03_Pin,tht,True
167.5875,-179.70625,180.0,top,P4,,JST_EH_B3B-EH-A_1x03_P2.50mm_Vertical,Conn_01x03_Pin,tht,True
132.2759,-93.80351,0.0,top,Q1,,SOT-23,2N7002K,smt,True
264.675,-75.975,180.0,top,Q1,,SOT-23,MMSS8550,smt,True
301.5,-179.725,-90.0,top,R1,,R_0603_1608Metric,10k,smt,True
158.6625,-177.90625,90.0,top,R1,,R_0603_1608Metric,10k,smt,True
141.951,-96.14051,90.0,top,R1,,R_0603_1608Metric,100k,smt,True
271.925,-92.475,-90.0,top,R1,,R_0603_1608Metric,430,smt,True
261.925,-76.225,-90.0,top,R10,,R_0603_1608Metric,20k,smt,True
260.425,-76.225,90.0,top,R11,,R_0603_1608Metric,8.2k,smt,True
281.175,-75.225,90.0,top,R12,,R_0603_1608Metric,10k,smt,True
274.425,-80.975,180.0,top,R13,,R_0603_1608Metric,10k,smt,True
305.175,-87.625,0.0,top,R14,,R_0603_1608Metric,10k,smt,True
308.175,-85.125,-90.0,top,R15,,R_0603_1608Metric,54k9,smt,True
308.175,-88.125,90.0,top,R16,,R_0603_1608Metric,10k,smt,True
288.875,-183.5,-90.0,top,R2,,R_0603_1608Metric,10k,smt,True
154.4125,-170.45625,90.0,top,R2,,R_0603_1608Metric,10k,smt,True
147.4374,-76.16271,-90.0,top,R2,,R_0603_1608Metric,10k,smt,True
274.175,-92.475,-90.0,top,R2,,R_0603_1608Metric,430,smt,True
292.5,-160.7,-90.0,top,R3,,R_0603_1608Metric,30k,smt,True
155.7125,-187.80625,90.0,top,R3,,R_0603_1608Metric,10k,smt,True
147.1834,-96.06411,90.0,top,R3,,R_0603_1608Metric,100k,smt,True
276.425,-92.475,-90.0,top,R3,,R_0603_1608Metric,430,smt,True
292.5,-163.7,-90.0,top,R4,,R_0603_1608Metric,10k,smt,True
153.3625,-186.70625,180.0,top,R4,,R_0603_1608Metric,10k,smt,True
133.5314,-88.13931,180.0,top,R4,,R_0603_1608Metric,10k,smt,True
257.425,-80.43,90.0,top,R4,,R_0603_1608Metric,100,smt,True
136.3125,-176.95625,-90.0,top,R5,,R_0603_1608Metric,420,smt,True
165.764,-82.67831,0.0,top,R5,,R_0603_1608Metric,22,smt,True
257.425,-73.93,-90.0,top,R5,,R_0603_1608Metric,100,smt,True
157.3625,-187.80625,90.0,top,R6,,R_0603_1608Metric,33.2k	,smt,True
165.764,-84.32931,0.0,top,R6,,R_0603_1608Metric,22,smt,True
257.425,-91.91,90.0,top,R6,,R_0603_1608Metric,100,smt,True
143.8125,-184.58125,-90.0,top,R7,,R_0603_1608Metric,10k,smt,True
165.7376,-80.51931,0.0,top,R7,,R_0603_1608Metric,5.1K,smt,True
257.425,-85.41,-90.0,top,R7,,R_0603_1608Metric,100,smt,True
143.4625,-187.68125,-90.0,top,R8,,R_0603_1608Metric,10k,smt,True
165.7762,-78.18251,0.0,top,R8,,R_0603_1608Metric,5.1K,smt,True
289.925,-87.225,180.0,top,R8,,R_0603_1608Metric,15k,smt,True
130.6875,-188.53125,0.0,top,R9,,R_0603_1608Metric,54.9k,smt,True
133.506,-90.55231,0.0,top,R9,,R_0603_1608Metric,5.6k,smt,True
286.155,-86.455,90.0,top,R9,,R_0603_1608Metric,10k,smt,True
296.4,-182.55,0.0,top,S1,,SW_SPST_SKQG_WithStem,RST,smt,True
128.8375,-163.10625,180.0,top,S1,,JST_EH_B3B-EH-A_1x03_P2.50mm_Vertical,Conn_01x03_Pin,tht,True
128.8375,-168.70625,180.0,top,S2,,JST_EH_B3B-EH-A_1x03_P2.50mm_Vertical,Conn_01x03_Pin,tht,True
128.8375,-174.00625,180.0,top,S3,,JST_EH_B3B-EH-A_1x03_P2.50mm_Vertical,Conn_01x03_Pin,tht,True
128.8375,-179.50625,180.0,top,S4,,JST_EH_B3B-EH-A_1x03_P2.50mm_Vertical,Conn_01x03_Pin,tht,True
128.8375,-185.20625,180.0,top,S5,,JST_EH_B3B-EH-A_1x03_P2.50mm_Vertical,Conn_01x03_Pin,tht,True
175.7986,-102.61851,-90.0,top,SW1,,SW_PUSH_6mm_H4.3mm,MCU_RST,tht,True
156.9125,-171.40625,90.0,top,SW2,,SW_SPST_B3U-1000P-B,SW_Push,smt,True
282.75,-182.2,90.0,top,U1,,TQFP-32_7x7mm_P0.8mm,ATmega328-A,smt,True
145.715,-170.39625,180.0,top,U1,,LQFP-48_7x7mm_P0.5mm,STM32F103C8Tx,smt,True
146.1674,-102.41411,-90.0,top,U1,,PinSocket_1x06_P2.54mm_Vertical,Bluetooth Module - Shaft Power,tht,True
271.725,-84.275,180.0,top,U1,,VQFN-20-1EP_3x3mm_P0.4mm_EP1.7x1.7mm,ATtiny1616-M,smt,True
284.0,-160.7,-90.0,top,U2,,SOIC-8_3.9x4.9mm_P1.27mm,ACS712ELCTR-20A,smt,True
140.925,-184.00625,0.0,top,U2,,TSOT-23-6,~,smt,True
165.6746,-95.75931,0.0,top,U2,,LGA-14_3x2.5mm_P0.5mm_LayoutBorder3x4y,IMU,smt,True
263.425,-82.975,-90.0,top,U2,,SOP-16_3.9x9.9mm_P1.27mm,HX711,smt,True
288.6,-171.2,180.0,top,U3,,QFN-12_EP_2x2_Pitch0.4mm,~,smt,True
151.775,-184.05625,0.0,top,U3,,TSOT-23-6,~,smt,True
163.795,-102.51571,-90.0,top,U3,,PinSocket_1x06_P2.54mm_Vertical,Bluetooth Module - Power Controller,tht,True
305.175,-85.125,0.0,top,U3,,TSOT-23-6,TPS563208DDCR,smt,True
279.55,-151.0,0.0,top,U4,,SOT-223-3_TabPin2,AZ1117-3.3,smt,True
134.6358,-64.26331,90.0,top,U4,,PinSocket_1x09_P2.54mm_Vertical,GPS module,tht,True
289.925,-80.725,0.0,top,U4,,SOT-223-3_TabPin2,AZ1117-5.0,smt,True
288.85,-150.95,180.0,top,U5,,SOT-223-3_TabPin2,TS2940CW50,smt,True
119.472,-100.96631,90.0,top,U5,,Aosong_DHT11_5.5x12.0_P2.54mm,DHT11(DHT22),tht,True
273.775,-75.975,0.0,top,U5,,SOT-223-3_TabPin2,AZ1117-3.3,smt,True
149.825,-86.41211,0.0,top,U6,,LQFP-64_10x10mm_P0.5mm,STM32F412RETx,smt,True
279.885,-80.605,0.0,top,U6,,nRF24L01_Breakout,NRF24L01_Breakout,tht,True
117.0728,-64.76651,90.0,top,U7,,nRF24L01_Breakout,nRF24L01-telemetry-INTERIOR,tht,True
164.2324,-65.22066,90.0,top,U8,,nRF24L01_Breakout,nRF24L01-telemetry-EXTERIOR,tht,True
151.562,-96.43231,180.0,top,U9,,Bosch_LGA-8_2x2.5mm_P0.65mm_ClockwisePinNumbering,DPS310 - barometer,smt,True
286.0,-189.2,180.0,top,Y1,,Resonator_SMD_Murata_CSTxExxV-3Pin_3.0x1.1mm,8M,smt,True
152.2625,-170.00625,90.0,top,Y1,,Resonator_SMD_Murata_CSTxExxV-3Pin_3.0x1.1mm,8Mhz,smt,True
132.3498,-85.05971,-90.0,top,Y1,,Resonator_SMD_Murata_CSTxExxV-3Pin_3.0x1.1mm,8M,smt,True
