﻿designator,quantity,value,pack,mpn,mount_type
BT1,1,Battery,SolderWire-1.5sqmm_1x02_P6mm_D1.7mm_OD3mm_Relief,,tht
Battery1,1,Conn_01x02_Socket,SolderWire-2sqmm_1x02_P7.8mm_D2mm_OD3.9mm,,tht
C1,1,10 nF,C_0603_1608Metric,,smt
"C1, C1, C11, C11, C12, C2, C2, C3, C3, C4, C5, C5, C6, C7, C8, C9",16,100n,C_0603_1608Metric,,smt
"C1, C7, C9",3,10n,C_0603_1608Metric,,smt
"C10, C12, C6, C9",4,10uF,C_0805_2012Metric,,smt
"C10, C11, C13, C14, C15, C16, C19, C20, C5, C6, C7, C8, C9",13,22uF,C_0805_2012Metric,,smt
C10,1,1u,C_0603_1608Metric,,smt
"C10, C15, C16, C18, C4, C6",6,10u,C_0805_2012Metric,,smt
C11,1,1 uF,C_0603_1608Metric,,smt
"C12, C17",2,0.1uF,C_0805_2012Metric,,smt
C12,1,100n,C_0805_2012Metric,,smt
"C13, C14",2,22u,C_0805_2012Metric,,smt
C14,1,22 uF,C_0805_2012Metric,,smt
"C2, C4",2,100 nF,C_0603_1608Metric,,smt
C2,1,4.7u,C_0603_1608Metric,,smt
C3,1,1 nF,C_0603_1608Metric,,smt
"C5, C7, C8",3,0.1uF,C_0603_1608Metric,,smt
"D1, D2, D3",3,LED,LED_0805_2012Metric,,smt
"H1, H2, H3, H4",4,MountingHole,MountingHole_3.2mm_M3_ISO14580,,tht
"H1, H3, H4",3,MountingHole,MountingHole_2.5mm_Pad,,tht
"H5, H6, H7, H8",4,MountingHole,MountingHole_2.7mm_M2.5,,tht
I2C1,1,FS2,JST_XH_B4B-XH-A_1x04_P2.50mm_Vertical,,tht
I2C2,1,FS1,JST_XH_B4B-XH-A_1x04_P2.50mm_Vertical,,tht
ISC3,1,MAIN,JST_XH_B5B-XH-A_1x05_P2.50mm_Vertical,,tht
J1,1,AVR-ISP-6,PinHeader_2x03_P2.54mm_Vertical_SMD,,smt
"J1, J3",2,Conn_01x02_Pin,JST_XH_B2B-XH-A_1x02_P2.50mm_Vertical,,tht
J1,1,Raspberry_Pi_2_3 ANT,PinSocket_2x20_P2.54mm_Vertical,,tht
J1,1,LOAD1,PinHeader_1x04_P2.54mm_Vertical,,tht
J2,1,Conn_01x06_Female,PinHeader_1x06_P2.54mm_Vertical,,tht
J2,1,Conn_01x04_Male,PinHeader_1x04_P2.54mm_Horizontal,,tht
J2,1,PROGRAM,PinSocket_1x04_P2.54mm_Vertical,,tht
J2,1,LOAD2,PinHeader_1x04_P2.54mm_Vertical,,tht
J3,1,Conn_01x04_Socket,JST_XA_B04B-XASK-1_1x04_P2.50mm_Vertical,,tht
J3,1,Battery / Pitot/ Orientation,JST_EH_B4B-EH-A_1x04_P2.50mm_Vertical,,tht
J3,1,AVR-UPDI-6,PinHeader_2x03_P2.54mm_Vertical_SMD,,smt
J4,1,BATT,AMASS_XT60-M_1x02_P7.20mm_Vertical,,tht
J4,1,Conn_01x07_Pin,JST_XH_B7B-XH-A_1x07_P2.50mm_Vertical,,tht
J4,1,c02 censor,JST_EH_B3B-EH-A_1x03_P2.50mm_Vertical,,tht
J4,1,SERVO2,JST_EH_B3B-EH-A_1x03_P2.50mm_Vertical,,tht
J5,1,VEH,AMASS_XT60-F_1x02_P7.20mm_Vertical,,tht
J5,1,shaftencorder,JST_EH_B3B-EH-A_1x03_P2.50mm_Vertical,,tht
J5,1,SERVO1,JST_EH_B3B-EH-A_1x03_P2.50mm_Vertical,,tht
J6,1,USB_C_Receptacle_USB2.0,USB_C_Receptacle_HRO_TYPE-C-31-M-12,,smt
J6,1,SERIAL,PinHeader_1x04_P2.54mm_Vertical,,tht
J7,1,SparLoad,JST_EH_B3B-EH-A_1x03_P2.50mm_Vertical,,tht
J8,1,lidar,JST_EH_B4B-EH-A_1x04_P2.50mm_Vertical,,tht
J9,1,Control Board,JST_EH_B5B-EH-A_1x05_P2.50mm_Vertical,,tht
JP1,1,Power Connect,SolderJumper-2_P1.3mm_Open_Pad1.0x1.5mm,,tht
JP1,1,Jumper_3_Open,SolderJumper-3_P2.0mm_Open_TrianglePad1.0x1.5mm,,tht
JP1,1,BOOT0,SolderJumper-3_P2.0mm_Open_TrianglePad1.0x1.5mm_NumberLabels,,tht
JP1,1,ADDRESS,SolderJumper-3_P1.3mm_Open_Pad1.0x1.5mm,,tht
"L1, L2",2,3.3uH,L_Taiyo-Yuden_NR-60xx,,smt
L1,1,3u3,L_Taiyo-Yuden_NR-60xx,,smt
LED9,1,LED1,LED_D4.0mm,,tht
"P1, P2, P3, P4, S1, S2, S3, S4, S5",9,Conn_01x03_Pin,JST_EH_B3B-EH-A_1x03_P2.50mm_Vertical,,tht
Q1,1,2N7002K,SOT-23,,smt
Q1,1,MMSS8550,SOT-23,,smt
"R1, R1, R12, R13, R14, R16, R2, R2, R2, R3, R4, R4, R4, R7, R8, R9",16,10k,R_0603_1608Metric,,smt
"R1, R3",2,100k,R_0603_1608Metric,,smt
"R1, R2, R3",3,430,R_0603_1608Metric,,smt
R10,1,20k,R_0603_1608Metric,,smt
R11,1,8.2k,R_0603_1608Metric,,smt
R15,1,54k9,R_0603_1608Metric,,smt
R3,1,30k,R_0603_1608Metric,,smt
"R4, R5, R6, R7",4,100,R_0603_1608Metric,,smt
R5,1,420,R_0603_1608Metric,,smt
"R5, R6",2,22,R_0603_1608Metric,,smt
R6,1,33.2k	,R_0603_1608Metric,,smt
"R7, R8",2,5.1K,R_0603_1608Metric,,smt
R8,1,15k,R_0603_1608Metric,,smt
R9,1,54.9k,R_0603_1608Metric,,smt
R9,1,5.6k,R_0603_1608Metric,,smt
S1,1,RST,SW_SPST_SKQG_WithStem,,smt
SW1,1,MCU_RST,SW_PUSH_6mm_H4.3mm,,tht
SW2,1,SW_Push,SW_SPST_B3U-1000P-B,,smt
U1,1,ATmega328-A,TQFP-32_7x7mm_P0.8mm,,smt
U1,1,STM32F103C8Tx,LQFP-48_7x7mm_P0.5mm,,smt
U1,1,Bluetooth Module - Shaft Power,PinSocket_1x06_P2.54mm_Vertical,,tht
U1,1,ATtiny1616-M,VQFN-20-1EP_3x3mm_P0.4mm_EP1.7x1.7mm,,smt
U2,1,ACS712ELCTR-20A,SOIC-8_3.9x4.9mm_P1.27mm,,smt
"U2, U3",2,~,TSOT-23-6,,smt
U2,1,IMU,LGA-14_3x2.5mm_P0.5mm_LayoutBorder3x4y,,smt
U2,1,HX711,SOP-16_3.9x9.9mm_P1.27mm,,smt
U3,1,~,QFN-12_EP_2x2_Pitch0.4mm,,smt
U3,1,Bluetooth Module - Power Controller,PinSocket_1x06_P2.54mm_Vertical,,tht
U3,1,TPS563208DDCR,TSOT-23-6,,smt
"U4, U5",2,AZ1117-3.3,SOT-223-3_TabPin2,,smt
U4,1,GPS module,PinSocket_1x09_P2.54mm_Vertical,,tht
U4,1,AZ1117-5.0,SOT-223-3_TabPin2,,smt
U5,1,TS2940CW50,SOT-223-3_TabPin2,,smt
U5,1,DHT11(DHT22),Aosong_DHT11_5.5x12.0_P2.54mm,,tht
U6,1,STM32F412RETx,LQFP-64_10x10mm_P0.5mm,,smt
U6,1,NRF24L01_Breakout,nRF24L01_Breakout,,tht
U7,1,nRF24L01-telemetry-INTERIOR,nRF24L01_Breakout,,tht
U8,1,nRF24L01-telemetry-EXTERIOR,nRF24L01_Breakout,,tht
U9,1,DPS310 - barometer,Bosch_LGA-8_2x2.5mm_P0.65mm_ClockwisePinNumbering,,smt
"Y1, Y1",2,8M,Resonator_SMD_Murata_CSTxExxV-3Pin_3.0x1.1mm,,smt
Y1,1,8Mhz,Resonator_SMD_Murata_CSTxExxV-3Pin_3.0x1.1mm,,smt
