﻿pos_x,pos_y,rotation,side,designator,mpn,pack,value,mount_type,place
161.0,-98.0,-90.0,top,BZ1,,Buzzer_12x9.5RM7.6,Buzzer,tht,True
131.0,-91.4,0.0,top,HOLE1,,MountingHole_3.2mm_M3,MountingHole_3.2mm_M3,tht,False
166.0,-91.4,0.0,top,HOLE2,,MountingHole_3.2mm_M3,MountingHole_3.2mm_M3,tht,False
166.0,-119.4,0.0,top,HOLE3,,MountingHole_3.2mm_M3,MountingHole_3.2mm_M3,tht,False
141.1,-90.6,0.0,top,J1,,JST_XH_B7B-XH-A_1x07_P2.50mm_Vertical,Conn_01x07_Pin,tht,True
131.3,-99.475,90.0,top,LED1,,LED_D4.0mm,LED2,tht,True
131.3,-112.875,90.0,top,LED2,,LED_D4.0mm,LED3,tht,True
137.85,-99.475,90.0,top,LED3,,LED_D4.0mm,LED4,tht,True
137.85,-112.875,90.0,top,LED4,,LED_D4.0mm,LED5,tht,True
144.4,-99.475,90.0,top,LED5,,LED_D4.0mm,LED6,tht,True
144.4,-112.875,90.0,top,LED6,,LED_D4.0mm,LED7,tht,True
150.95,-99.455,90.0,top,LED7,,LED_D4.0mm,LED8,tht,True
150.95,-112.875,90.0,top,LED8,,LED_D4.0mm,LED9,tht,True
131.375,-101.8,0.0,top,R1,,R_0603_1608Metric,300,smt,True
131.4,-115.215,0.0,top,R2,,R_0603_1608Metric,300,smt,True
137.775,-101.8,0.0,top,R3,,R_0603_1608Metric,300,smt,True
137.775,-115.215,0.0,top,R4,,R_0603_1608Metric,300,smt,True
144.375,-101.8,0.0,top,R5,,R_0603_1608Metric,300,smt,True
144.375,-115.215,0.0,top,R6,,R_0603_1608Metric,300,smt,True
150.975,-101.8,0.0,top,R7,,R_0603_1608Metric,300,smt,True
151.0,-115.215,0.0,top,R8,,R_0603_1608Metric,300,smt,True
