﻿designator,quantity,value,pack,mpn,mount_type
BZ1,1,Buzzer,Buzzer_12x9.5RM7.6,,tht
"HOLE1, HOLE2, HOLE3",3,MountingHole_3.2mm_M3,MountingHole_3.2mm_M3,,tht
J1,1,Conn_01x07_Pin,JST_XH_B7B-XH-A_1x07_P2.50mm_Vertical,,tht
LED1,1,LED2,LED_D4.0mm,,tht
LED2,1,LED3,LED_D4.0mm,,tht
LED3,1,LED4,LED_D4.0mm,,tht
LED4,1,LED5,LED_D4.0mm,,tht
LED5,1,LED6,LED_D4.0mm,,tht
LED6,1,LED7,LED_D4.0mm,,tht
LED7,1,LED8,LED_D4.0mm,,tht
LED8,1,LED9,LED_D4.0mm,,tht
"R1, R2, R3, R4, R5, R6, R7, R8",8,300,R_0603_1608Metric,,smt
