﻿designator,quantity,value,pack,mpn,mount_type
"C1, C10, C14, C2, C5",5,0.1uF,C_0603_1608Metric,,smt
"C1, C15, C9",3,10n,C_0603_1608Metric,,smt
C10,1,1u,C_0603_1608Metric,,smt
"C11, C15, C7, C9",4,10uF,C_0603_1608Metric,,smt
"C11, C12, C16, C16, C17, C18, C19, C4, C5, C6, C7, C8",12,100n,C_0603_1608Metric,,smt
"C13, C17",2,0.22u,C_0603_1608Metric,,smt
C2,1,4.7u,C_0603_1608Metric,,smt
C20,1,0.47uF,C_0603_1608Metric,,smt
C21,1,33uF,C_0603_1608Metric,,smt
C3,1,2.2u,C_0603_1608Metric,,smt
"D1, D2, D3",3,LED,LED_2010_5025Metric,,smt
"D1, D2, D3",3,LED,LED_0805_2012Metric,,smt
"H1, H3, H4",3,MountingHole,MountingHole_2.5mm_Pad,,tht
"H1, H3",2,MountingHole,MountingHole_3.2mm_M3_ISO7380,,tht
"H5, H6, H7, H8",4,MountingHole,MountingHole_2.7mm_M2.5,,tht
J1,1,Load Cell 1,PinHeader_1x04_P1.00mm_Vertical,,tht
J1,1,Raspberry_Pi_2_3 ANT,PinSocket_2x20_P2.54mm_Vertical,,tht
"J10, J6",2,USB_C_Receptacle_USB2.0,USB_C_Receptacle_HRO_TYPE-C-31-M-12,,smt
J11,1,Conn_01x05_Pin,PinHeader_1x05_P2.54mm_Vertical,,tht
"J2, J9",2,Conn_ST_STDC14,PinHeader_2x07_P1.27mm_Vertical_SMD,,smt
J3,1,Load Cell 5,PinHeader_1x04_P1.00mm_Vertical,,tht
J3,1,Battery / Pitot/ Orientation,JST_EH_B4B-EH-A_1x04_P2.50mm_Vertical,,tht
J4,1,c02 censor,JST_EH_B3B-EH-A_1x03_P2.50mm_Vertical,,tht
J5,1,shaftencorder,JST_EH_B6B-EH-A_1x06_P2.50mm_Vertical,,tht
J5,1,Load Cell 3,PinHeader_1x04_P1.00mm_Vertical,,tht
J7,1,Conn_01x04_Male,JST_XH_B4B-XH-A_1x04_P2.50mm_Vertical,,tht
J7,1,SparLoad,JST_EH_B3B-EH-A_1x03_P2.50mm_Vertical,,tht
J8,1,Conn_01x05_Pin,PinHeader_1x05_P2.54mm_Horizontal,,tht
J8,1,lidar,JST_EH_B4B-EH-A_1x04_P2.50mm_Vertical,,tht
J9,1,Control Board,JST_EH_B5B-EH-A_1x05_P2.50mm_Vertical,,tht
JP1,1,Jumper_3_Open,SolderJumper-3_P2.0mm_Open_TrianglePad1.0x1.5mm_NumberLabels,,tht
JP4,1,5V ,SolderJumper-2_P1.3mm_Open_RoundedPad1.0x1.5mm,,tht
"JP5, JP6",2,Jumper_2_Open,SolderJumper-2_P1.3mm_Open_RoundedPad1.0x1.5mm,,tht
"Q1, Q3",2,MMS8550,SOT-23,,smt
Q1,1,2N7002K,SOT-23,,smt
"Q4, Q5, Q6, Q7, Q8",5,2N7002,SOT-23,,smt
"R1, R10, R2, R3, R31, R32, R33, R4, R9",9,100,R_0603_1608Metric,,smt
"R1, R3",2,100k,R_0603_1608Metric,,smt
"R10, R11, R12",3,130R,R_0603_1608Metric,,smt
"R13, R14, R20, R25, R26, R27, R28, R29, R4",9,10k,R_0603_1608Metric,,smt
"R13, R17",2,8.2k,R_0603_1608Metric,,smt
"R14, R16, R18",3,20k,R_0603_1608Metric,,smt
R15,1,1k,R_0603_1608Metric,,smt
R17,1,470R,R_0603_1608Metric,,smt
"R21, R22",2,22,R_0603_1608Metric,,smt
"R23, R24, R7, R8",4,5.1K,R_0603_1608Metric,,smt
R30,1,200,R_0603_1608Metric,,smt
"R5, R6",2,22R,R_0603_1608Metric,,smt
R9,1,5.6k,R_0603_1608Metric,,smt
"SW1, SW2",2,SW_Push,SW_SPST_B3U-1000P-B,,smt
SW1,1,MCU_RST,SW_PUSH_6mm_H4.3mm,,tht
"U1, U3",2,HX711,SOIC-16_3.9x9.9mm_P1.27mm,,smt
U10,1,TLV76733DRVx,WSON-6-1EP_2x2mm_P0.65mm_EP1x1.6mm_ThermalVias,,smt
U2,1,IMU,LGA-14_3x2.5mm_P0.5mm_LayoutBorder3x4y,,smt
U3,1,LM358,SOIC-8-1EP_3.9x4.9mm_P1.27mm_EP2.29x3mm,,smt
U4,1,STM32F103C8Tx,LQFP-48_7x7mm_P0.5mm,,smt
U5,1,LM3940IMP-3.3/NOPB,SOT-223,,smt
U5,1,DHT11(DHT22),Aosong_DHT11_5.5x12.0_P2.54mm,,tht
U6,1,STM32F412RETx,LQFP-64_10x10mm_P0.5mm,,smt
U7,1,nRF24L01-telemetry-INTERIOR,nRF24L01_Breakout,,tht
U9,1,DPS310 - barometer,Bosch_LGA-8_2x2.5mm_P0.65mm_ClockwisePinNumbering,,smt
Y1,1,8M,Resonator_SMD_Murata_CSTxExxV-3Pin_3.0x1.1mm,,smt
Y1,1,8Mhz,Resonator_SMD_Murata_CSTxExxV-3Pin_3.0x1.1mm,,smt
