﻿pos_x,pos_y,rotation,side,designator,mpn,pack,value,mount_type,place
245.8112,-73.1244,0.0,top,C1,,C_0603_1608Metric,0.1uF,smt,True
133.092,-108.004,0.0,top,C1,,C_0603_1608Metric,10n,smt,True
239.1112,-72.2644,0.0,top,C10,,C_0603_1608Metric,0.1uF,smt,True
121.154,-93.526,-90.0,top,C10,,C_0603_1608Metric,1u,smt,True
238.3602,-81.5364,0.0,top,C11,,C_0603_1608Metric,10uF,smt,True
120.687,-105.426,-90.0,top,C11,,C_0603_1608Metric,100n,smt,True
122.211,-105.426,-90.0,top,C12,,C_0603_1608Metric,100n,smt,True
129.9155,-89.096,90.0,top,C13,,C_0603_1608Metric,0.22u,smt,True
230.8862,-106.2544,0.0,top,C14,,C_0603_1608Metric,0.1uF,smt,True
83.884,-88.516,180.0,top,C15,,C_0603_1608Metric,10n,smt,True
230.8012,-102.5744,180.0,top,C15,,C_0603_1608Metric,10uF,smt,True
94.234,-87.936,-90.0,top,C16,,C_0603_1608Metric,100n,smt,True
231.4212,-82.6744,90.0,top,C16,,C_0603_1608Metric,100n,smt,True
224.6312,-72.9244,180.0,top,C17,,C_0603_1608Metric,100n,smt,True
134.87,-89.096,90.0,top,C17,,C_0603_1608Metric,0.22u,smt,True
228.9752,-90.1724,0.0,top,C18,,C_0603_1608Metric,100n,smt,True
217.4912,-80.9844,90.0,top,C19,,C_0603_1608Metric,100n,smt,True
230.1512,-74.9344,-90.0,top,C2,,C_0603_1608Metric,0.1uF,smt,True
108.2,-103.2288,-90.0,top,C2,,C_0603_1608Metric,4.7u,smt,True
230.9012,-109.6744,0.0,top,C20,,C_0603_1608Metric,0.47uF,smt,True
227.4412,-102.8344,180.0,top,C21,,C_0603_1608Metric,33uF,smt,True
133.092,-103.686,0.0,top,C3,,C_0603_1608Metric,2.2u,smt,True
133.092,-105.972,0.0,top,C4,,C_0603_1608Metric,100n,smt,True
103.882,-91.494,90.0,top,C5,,C_0603_1608Metric,100n,smt,True
227.4612,-101.1944,180.0,top,C5,,C_0603_1608Metric,0.1uF,smt,True
103.882,-95.812,-90.0,top,C6,,C_0603_1608Metric,100n,smt,True
112.518,-84.636,-90.0,top,C7,,C_0603_1608Metric,100n,smt,True
242.6912,-72.3924,180.0,top,C7,,C_0603_1608Metric,10uF,smt,True
112.518,-103.178,90.0,top,C8,,C_0603_1608Metric,100n,smt,True
96.008,-87.938,90.0,top,C9,,C_0603_1608Metric,10n,smt,True
230.9962,-104.5744,0.0,top,C9,,C_0603_1608Metric,10uF,smt,True
224.9512,-113.3944,180.0,top,D1,,LED_2010_5025Metric,LED,smt,True
98.04,-107.3205,90.0,top,D1,,LED_0805_2012Metric,LED,smt,True
96.008,-107.3205,90.0,top,D2,,LED_0805_2012Metric,LED,smt,True
242.9812,-118.8544,0.0,top,D2,,LED_2010_5025Metric,LED,smt,True
93.992,-107.3205,90.0,top,D3,,LED_0805_2012Metric,LED,smt,True
232.3512,-113.4244,180.0,top,D3,,LED_2010_5025Metric,LED,smt,True
142.894,-70.946,0.0,top,H1,,MountingHole_2.5mm_Pad,MountingHole,tht,True
232.4804,-119.4332,-90.0,top,H1,,MountingHole_3.2mm_M3_ISO7380,MountingHole,tht,True
80.006,-116.976,0.0,top,H3,,MountingHole_2.5mm_Pad,MountingHole,tht,True
232.6012,-69.1544,-90.0,top,H3,,MountingHole_3.2mm_M3_ISO7380,MountingHole,tht,True
142.914,-116.946,0.0,top,H4,,MountingHole_2.5mm_Pad,MountingHole,tht,True
141.093,-101.654,0.0,top,H5,,MountingHole_2.7mm_M2.5,MountingHole,tht,True
141.093,-78.667,0.0,top,H6,,MountingHole_2.7mm_M2.5,MountingHole,tht,True
83.181,-78.667,0.0,top,H7,,MountingHole_2.7mm_M2.5,MountingHole,tht,True
83.181,-101.654,0.0,top,H8,,MountingHole_2.7mm_M2.5,MountingHole,tht,True
245.9184,-80.1648,-90.0,top,J1,,PinHeader_1x04_P1.00mm_Vertical,Load Cell 1,tht,False
113.437,-76.067,90.0,top,J1,,PinSocket_2x20_P2.54mm_Vertical,Raspberry_Pi_2_3 ANT,tht,True
211.1352,-88.8064,-90.0,top,J10,,USB_C_Receptacle_HRO_TYPE-C-31-M-12,USB_C_Receptacle_USB2.0,smt,True
213.066768,-113.897278,40.0,top,J11,,PinHeader_1x05_P2.54mm_Vertical,Conn_01x05_Pin,tht,True
76.532,-88.954,0.0,top,J2,,PinHeader_2x07_P1.27mm_Vertical_SMD,Conn_ST_STDC14,smt,True
229.4832,-93.2684,0.0,top,J3,,PinHeader_1x04_P1.00mm_Vertical,Load Cell 5,tht,False
75.2816,-71.1232,-90.0,top,J3,,JST_EH_B4B-EH-A_1x04_P2.50mm_Vertical,Battery / Pitot/ Orientation,tht,True
86.904,-117.356,0.0,top,J4,,JST_EH_B3B-EH-A_1x03_P2.50mm_Vertical,c02 censor,tht,True
75.226,-99.976,-90.0,top,J5,,JST_EH_B6B-EH-A_1x06_P2.50mm_Vertical,shaftencorder,tht,True
235.01426,-82.96494,-45.0,top,J5,,PinHeader_1x04_P1.00mm_Vertical,Load Cell 3,tht,False
147.57,-92.1036,90.0,top,J6,,USB_C_Receptacle_HRO_TYPE-C-31-M-12,USB_C_Receptacle_USB2.0,smt,True
215.960234,-74.575093,50.0,top,J7,,JST_XH_B4B-XH-A_1x04_P2.50mm_Vertical,Conn_01x04_Male,tht,True
98.842,-117.402,0.0,top,J7,,JST_EH_B3B-EH-A_1x03_P2.50mm_Vertical,SparLoad,tht,True
211.7032,-106.9364,180.0,top,J8,,PinHeader_1x05_P2.54mm_Horizontal,Conn_01x05_Pin,tht,True
129.108,-117.356,0.0,top,J8,,JST_EH_B4B-EH-A_1x04_P2.50mm_Vertical,lidar,tht,True
149.048,-81.466,90.0,top,J9,,JST_EH_B5B-EH-A_1x05_P2.50mm_Vertical,Control Board,tht,True
243.021199,-67.1144,-90.0,top,J9,,PinHeader_2x07_P1.27mm_Vertical_SMD,Conn_ST_STDC14,smt,True
91.182,-96.066,0.0,top,JP1,,SolderJumper-3_P2.0mm_Open_TrianglePad1.0x1.5mm_NumberLabels,Jumper_3_Open,tht,True
86.864,-96.066,90.0,top,JP4,,SolderJumper-2_P1.3mm_Open_RoundedPad1.0x1.5mm,5V ,tht,True
131.06,-93.526,-90.0,top,JP5,,SolderJumper-2_P1.3mm_Open_RoundedPad1.0x1.5mm,Jumper_2_Open,tht,True
133.854,-93.526,90.0,top,JP6,,SolderJumper-2_P1.3mm_Open_RoundedPad1.0x1.5mm,Jumper_2_Open,tht,True
229.9312,-64.2244,90.0,top,Q1,,SOT-23,MMS8550,smt,True
101.85,-87.43,135.0,top,Q1,,SOT-23,2N7002K,smt,True
238.2212,-110.3069,90.0,top,Q3,,SOT-23,MMS8550,smt,True
219.8312,-113.1869,-90.0,top,Q4,,SOT-23,2N7002,smt,True
245.7512,-114.9169,90.0,top,Q5,,SOT-23,2N7002,smt,True
241.9412,-110.3769,90.0,top,Q6,,SOT-23,2N7002,smt,True
216.3312,-109.186899,-90.0,top,Q7,,SOT-23,2N7002,smt,True
245.7212,-110.4869,90.0,top,Q8,,SOT-23,2N7002,smt,True
243.3312,-76.9494,90.0,top,R1,,R_0603_1608Metric,100,smt,True
106.676,-103.178,90.0,top,R1,,R_0603_1608Metric,100k,smt,True
221.6812,-102.3144,90.0,top,R10,,R_0603_1608Metric,100,smt,True
98.04,-110.544,90.0,top,R10,,R_0603_1608Metric,130R,smt,True
96.008,-110.544,90.0,top,R11,,R_0603_1608Metric,130R,smt,True
93.976,-110.544,-90.0,top,R12,,R_0603_1608Metric,130R,smt,True
124.71,-84.636,-90.0,top,R13,,R_0603_1608Metric,10k,smt,True
245.5612,-78.0344,0.0,top,R13,,R_0603_1608Metric,8.2k,smt,True
236.6212,-71.7494,-90.0,top,R14,,R_0603_1608Metric,20k,smt,True
123.186,-84.636,-90.0,top,R14,,R_0603_1608Metric,10k,smt,True
83.904,-85.326,180.0,top,R15,,R_0603_1608Metric,1k,smt,True
83.884,-86.936,0.0,top,R16,,R_0603_1608Metric,20k,smt,True
224.2,-87.9372,0.0,top,R17,,R_0603_1608Metric,8.2k,smt,True
83.874,-90.086,0.0,top,R17,,R_0603_1608Metric,470R,smt,True
224.151199,-89.9644,180.0,top,R18,,R_0603_1608Metric,20k,smt,True
245.7412,-75.9444,0.0,top,R2,,R_0603_1608Metric,100,smt,True
236.2312,-64.1044,0.0,top,R20,,R_0603_1608Metric,10k,smt,True
211.8312,-79.949401,-90.0,top,R21,,R_0603_1608Metric,22,smt,True
213.3312,-79.949401,-90.0,top,R22,,R_0603_1608Metric,22,smt,True
220.3312,-88.624399,180.0,top,R23,,R_0603_1608Metric,5.1K,smt,True
220.8012,-90.9544,0.0,top,R24,,R_0603_1608Metric,5.1K,smt,True
215.2412,-96.3444,180.0,top,R25,,R_0603_1608Metric,10k,smt,True
215.2312,-99.1044,180.0,top,R26,,R_0603_1608Metric,10k,smt,True
215.2592,-101.4084,180.0,top,R27,,R_0603_1608Metric,10k,smt,True
215.2592,-103.9184,180.0,top,R28,,R_0603_1608Metric,10k,smt,True
215.2592,-106.4284,180.0,top,R29,,R_0603_1608Metric,10k,smt,True
228.9412,-88.3744,180.0,top,R3,,R_0603_1608Metric,100,smt,True
109.724,-103.2288,90.0,top,R3,,R_0603_1608Metric,100k,smt,True
246.9912,-123.5344,90.0,top,R30,,R_0603_1608Metric,200,smt,True
245.3512,-123.5444,90.0,top,R31,,R_0603_1608Metric,100,smt,True
228.8312,-116.1244,0.0,top,R32,,R_0603_1608Metric,100,smt,True
242.0012,-123.6344,90.0,top,R33,,R_0603_1608Metric,100,smt,True
126.234,-84.636,90.0,top,R4,,R_0603_1608Metric,10k,smt,True
231.2412,-87.164401,-90.0,top,R4,,R_0603_1608Metric,100,smt,True
133.029,-99.622,0.0,top,R5,,R_0603_1608Metric,22R,smt,True
133.029,-97.336,0.0,top,R6,,R_0603_1608Metric,22R,smt,True
140.204,-94.542,90.0,top,R7,,R_0603_1608Metric,5.1K,smt,True
140.204,-89.462,-90.0,top,R8,,R_0603_1608Metric,5.1K,smt,True
230.8512,-108.0444,180.0,top,R9,,R_0603_1608Metric,100,smt,True
97.824,-87.936,-90.0,top,R9,,R_0603_1608Metric,5.6k,smt,True
225.2312,-65.4244,-40.0,top,SW1,,SW_SPST_B3U-1000P-B,SW_Push,smt,True
150.074,-105.262,-90.0,top,SW1,,SW_PUSH_6mm_H4.3mm,MCU_RST,tht,True
238.5712,-123.4844,180.0,top,SW2,,SW_SPST_B3U-1000P-B,SW_Push,smt,True
236.5952,-76.9644,-90.0,top,U1,,SOIC-16_3.9x9.9mm_P1.27mm,HX711,smt,True
132.4555,-90.366,0.0,top,U10,,WSON-6-1EP_2x2mm_P0.65mm_EP1x1.6mm_ThermalVias,TLV76733DRVx,smt,True
129.6435,-105.468,0.0,top,U2,,LGA-14_3x2.5mm_P0.5mm_LayoutBorder3x4y,IMU,smt,True
89.514,-87.846,0.0,top,U3,,SOIC-8-1EP_3.9x4.9mm_P1.27mm_EP2.29x3mm,LM358,smt,True
222.4712,-96.3044,-90.0,top,U3,,SOIC-16_3.9x9.9mm_P1.27mm,HX711,smt,True
224.541201,-80.4344,45.0,top,U4,,LQFP-48_7x7mm_P0.5mm,STM32F103C8Tx,smt,True
224.4032,-107.4444,180.0,top,U5,,SOT-223,LM3940IMP-3.3/NOPB,smt,True
112.518,-117.402,90.0,top,U5,,Aosong_DHT11_5.5x12.0_P2.54mm,DHT11(DHT22),tht,True
112.518,-93.5768,-45.0,top,U6,,LQFP-64_10x10mm_P0.5mm,STM32F412RETx,smt,True
127.758,-71.936,90.0,top,U7,,nRF24L01_Breakout,nRF24L01-telemetry-INTERIOR,tht,True
118.401,-105.426,180.0,top,U9,,Bosch_LGA-8_2x2.5mm_P0.65mm_ClockwisePinNumbering,DPS310 - barometer,smt,True
105.66,-84.636,-135.0,top,Y1,,Resonator_SMD_Murata_CSTxExxV-3Pin_3.0x1.1mm,8M,smt,True
218.9712,-85.2644,-45.0,top,Y1,,Resonator_SMD_Murata_CSTxExxV-3Pin_3.0x1.1mm,8Mhz,smt,True
