﻿pos_x,pos_y,rotation,side,designator,mpn,pack,value,mount_type,place
132.08,-99.568,0.0,top,C1,,C_0603_1608Metric,10n,smt,True
122.3772,-77.6732,-90.0,top,C10,,C_0603_1608Metric,1u,smt,True
118.618,-97.536,-90.0,top,C11,,C_0603_1608Metric,100n,smt,True
120.2944,-97.4344,-90.0,top,C12,,C_0603_1608Metric,100n,smt,True
109.982,-97.3328,-90.0,top,C2,,C_0603_1608Metric,4.7u,smt,True
107.5436,-77.5338,-90.0,top,C5,,C_0603_1608Metric,100n,smt,True
104.902,-90.932,-90.0,top,C6,,C_0603_1608Metric,100n,smt,True
120.2944,-77.6732,-90.0,top,C7,,C_0603_1608Metric,100n,smt,True
124.068784,-97.576753,90.0,top,C8,,C_0603_1608Metric,100n,smt,True
104.7496,-97.3836,90.0,top,C9,,C_0603_1608Metric,10n,smt,True
92.325,-86.9,0.0,top,D1,,LED_0805_2012Metric,LED,smt,True
92.325,-89.0,0.0,top,D2,,LED_0805_2012Metric,LED,smt,True
92.3,-91.125,0.0,top,D3,,LED_0805_2012Metric,LED,smt,True
142.621,-66.294,0.0,top,H1,,MountingHole_2.5mm_Pad,MountingHole,tht,True
81.153,-108.585,0.0,top,H3,,MountingHole_2.5mm_Pad,MountingHole,tht,True
146.304,-110.998,0.0,top,H4,,MountingHole_2.5mm_Pad,MountingHole,tht,True
141.859,-95.758,0.0,top,H5,,MountingHole_2.7mm_M2.5,MountingHole,tht,True
141.859,-72.771,0.0,top,H6,,MountingHole_2.7mm_M2.5,MountingHole,tht,True
83.947,-72.771,0.0,top,H7,,MountingHole_2.7mm_M2.5,MountingHole,tht,True
83.947,-95.758,0.0,top,H8,,MountingHole_2.7mm_M2.5,MountingHole,tht,True
114.203,-70.171,90.0,top,J1,,PinSocket_2x20_P2.54mm_Vertical,Raspberry_Pi_2_3 ANT,tht,True
75.7428,-79.1464,0.0,top,J2,,PinSocket_1x04_P2.54mm_Vertical,PROGRAM,tht,True
76.0476,-65.2272,-90.0,top,J3,,JST_EH_B4B-EH-A_1x04_P2.50mm_Vertical,Battery / Pitot/ Orientation,tht,True
75.8952,-105.029,-90.0,top,J4,,JST_EH_B3B-EH-A_1x03_P2.50mm_Vertical,c02 censor,tht,True
75.9968,-92.5106,-90.0,top,J5,,JST_EH_B3B-EH-A_1x03_P2.50mm_Vertical,shaftencorder,tht,True
146.1516,-86.2076,90.0,top,J6,,USB_C_Receptacle_HRO_TYPE-C-31-M-12,USB_C_Receptacle_USB2.0,smt,True
87.329,-108.077,0.0,top,J7,,JST_EH_B3B-EH-A_1x03_P2.50mm_Vertical,SparLoad,tht,True
147.574,-104.8074,90.0,top,J8,,JST_EH_B4B-EH-A_1x04_P2.50mm_Vertical,lidar,tht,True
147.528,-75.612,90.0,top,J9,,JST_EH_B5B-EH-A_1x05_P2.50mm_Vertical,Control Board,tht,True
96.8756,-80.1116,-90.0,top,JP1,,SolderJumper-3_P2.0mm_Open_TrianglePad1.0x1.5mm_NumberLabels,BOOT0,tht,False
96.7509,-95.0722,0.0,top,Q1,,SOT-23,2N7002K,smt,True
106.426,-97.4092,90.0,top,R1,,R_0603_1608Metric,100k,smt,True
88.95,-86.9,0.0,top,R10,,R_0603_1608Metric,130R,smt,True
88.95,-89.0,0.0,top,R11,,R_0603_1608Metric,130R,smt,True
88.95,-91.125,180.0,top,R12,,R_0603_1608Metric,130R,smt,True
111.9124,-77.4314,-90.0,top,R2,,R_0603_1608Metric,10k,smt,True
111.6584,-97.3328,90.0,top,R3,,R_0603_1608Metric,100k,smt,True
98.0064,-89.408,180.0,top,R4,,R_0603_1608Metric,10k,smt,True
130.239,-85.598,0.0,top,R5,,R_0603_1608Metric,22,smt,True
130.239,-83.947,0.0,top,R6,,R_0603_1608Metric,22,smt,True
130.2126,-81.788,0.0,top,R7,,R_0603_1608Metric,5.1K,smt,True
130.2512,-79.4512,0.0,top,R8,,R_0603_1608Metric,5.1K,smt,True
97.981,-91.821,0.0,top,R9,,R_0603_1608Metric,5.6k,smt,True
140.2736,-103.8872,-90.0,top,SW1,,SW_PUSH_6mm_H4.3mm,MCU_RST,tht,True
110.6424,-103.6828,-90.0,top,U1,,PinSocket_1x06_P2.54mm_Vertical,Bluetooth Module - Shaft Power,tht,True
130.1496,-97.028,0.0,top,U2,,LGA-14_3x2.5mm_P0.5mm_LayoutBorder3x4y,IMU,smt,True
128.27,-103.7844,-90.0,top,U3,,PinSocket_1x06_P2.54mm_Vertical,Bluetooth Module - Power Controller,tht,True
99.1108,-65.532,90.0,top,U4,,PinSocket_1x09_P2.54mm_Vertical,GPS module,tht,True
83.947,-102.235,90.0,top,U5,,Aosong_DHT11_5.5x12.0_P2.54mm,DHT11(DHT22),tht,True
114.3,-87.6808,0.0,top,U6,,LQFP-64_10x10mm_P0.5mm,STM32F412RETx,smt,True
81.5478,-66.0352,90.0,top,U7,,nRF24L01_Breakout,nRF24L01-telemetry-INTERIOR,tht,True
128.7074,-66.48935,90.0,top,U8,,nRF24L01_Breakout,nRF24L01-telemetry-EXTERIOR,tht,True
116.037,-97.701,180.0,top,U9,,Bosch_LGA-8_2x2.5mm_P0.65mm_ClockwisePinNumbering,DPS310 - barometer,smt,True
96.8248,-86.3284,-90.0,top,Y1,,Resonator_SMD_Murata_CSTxExxV-3Pin_3.0x1.1mm,8M,smt,True
