﻿designator,quantity,value,pack,mpn,mount_type
"C1, C9",2,10n,C_0603_1608Metric,,smt
C10,1,1u,C_0603_1608Metric,,smt
"C11, C12, C5, C6, C7, C8",6,100n,C_0603_1608Metric,,smt
C2,1,4.7u,C_0603_1608Metric,,smt
"D1, D2, D3",3,LED,LED_0805_2012Metric,,smt
"H1, H3, H4",3,MountingHole,MountingHole_2.5mm_Pad,,tht
"H5, H6, H7, H8",4,MountingHole,MountingHole_2.7mm_M2.5,,tht
J1,1,Raspberry_Pi_2_3 ANT,PinSocket_2x20_P2.54mm_Vertical,,tht
J2,1,PROGRAM,PinSocket_1x04_P2.54mm_Vertical,,tht
J3,1,Battery / Pitot/ Orientation,JST_EH_B4B-EH-A_1x04_P2.50mm_Vertical,,tht
J4,1,c02 censor,JST_EH_B3B-EH-A_1x03_P2.50mm_Vertical,,tht
J5,1,shaftencorder,JST_EH_B3B-EH-A_1x03_P2.50mm_Vertical,,tht
J6,1,USB_C_Receptacle_USB2.0,USB_C_Receptacle_HRO_TYPE-C-31-M-12,,smt
J7,1,SparLoad,JST_EH_B3B-EH-A_1x03_P2.50mm_Vertical,,tht
J8,1,lidar,JST_EH_B4B-EH-A_1x04_P2.50mm_Vertical,,tht
J9,1,Control Board,JST_EH_B5B-EH-A_1x05_P2.50mm_Vertical,,tht
JP1,1,BOOT0,SolderJumper-3_P2.0mm_Open_TrianglePad1.0x1.5mm_NumberLabels,,tht
Q1,1,2N7002K,SOT-23,,smt
"R1, R3",2,100k,R_0603_1608Metric,,smt
"R10, R11, R12",3,130R,R_0603_1608Metric,,smt
"R2, R4",2,10k,R_0603_1608Metric,,smt
"R5, R6",2,22,R_0603_1608Metric,,smt
"R7, R8",2,5.1K,R_0603_1608Metric,,smt
R9,1,5.6k,R_0603_1608Metric,,smt
SW1,1,MCU_RST,SW_PUSH_6mm_H4.3mm,,tht
U1,1,Bluetooth Module - Shaft Power,PinSocket_1x06_P2.54mm_Vertical,,tht
U2,1,IMU,LGA-14_3x2.5mm_P0.5mm_LayoutBorder3x4y,,smt
U3,1,Bluetooth Module - Power Controller,PinSocket_1x06_P2.54mm_Vertical,,tht
U4,1,GPS module,PinSocket_1x09_P2.54mm_Vertical,,tht
U5,1,DHT11(DHT22),Aosong_DHT11_5.5x12.0_P2.54mm,,tht
U6,1,STM32F412RETx,LQFP-64_10x10mm_P0.5mm,,smt
U7,1,nRF24L01-telemetry-INTERIOR,nRF24L01_Breakout,,tht
U8,1,nRF24L01-telemetry-EXTERIOR,nRF24L01_Breakout,,tht
U9,1,DPS310 - barometer,Bosch_LGA-8_2x2.5mm_P0.65mm_ClockwisePinNumbering,,smt
Y1,1,8M,Resonator_SMD_Murata_CSTxExxV-3Pin_3.0x1.1mm,,smt
