﻿pos_x,pos_y,rotation,side,designator,mpn,pack,value,mount_type,place
144.5,-64.8,90.0,top,C1,,C_0805_2012Metric,22uF,smt,True
146.5,-64.8,90.0,top,C2,,C_0805_2012Metric,22uF,smt,True
148.5,-64.8,90.0,top,C3,,C_0805_2012Metric,22uF,smt,True
143.7,-58.65,90.0,top,C4,,C_0805_2012Metric,0.1uF,smt,True
138.3,-65.3,-90.0,top,C7,,C_0805_2012Metric,0.1uF,smt,True
136.3,-65.3,90.0,top,C8,,C_0805_2012Metric,22uF,smt,True
133.8,-65.3,90.0,top,C9,,C_0805_2012Metric,22uF,smt,True
146.8,-59.9,90.0,top,J1,,JST_EH_B3B-EH-A_1x03_P2.50mm_Vertical,Conn_01x03_Socket,tht,True
136.15,-60.25,0.0,top,L1,,L_Taiyo-Yuden_NR-60xx,3.3uH,smt,True
134.9125,-58.175,0.0,bottom,Q1,,SOT-23,2N7002K,smt,True
139.75,-62.0375,-90.0,bottom,Q2,,SOT-23,2N7002K,smt,True
141.9,-58.125,-90.0,top,R1,,R_0603_1608Metric,54.9k,smt,True
141.6,-65.6,0.0,top,R2,,R_0603_1608Metric,10k,smt,True
140.4,-58.125,90.0,top,R3,,R_0603_1608Metric,10k,smt,True
138.3,-58.0,-90.0,bottom,R4,,R_0603_1608Metric,420,smt,True
134.7,-60.8,180.0,bottom,R5,,R_0603_1608Metric,420,smt,True
140.8,-54.5,180.0,top,SER1,,JST_EH_B3B-EH-A_1x03_P2.50mm_Vertical,Conn_01x03_Pin,tht,True
141.6,-62.4375,90.0,top,U1,,TSOT-23-6,~,smt,True
