﻿pos_x,pos_y,rotation,side,designator,mpn,pack,value,mount_type,place
101.5492,-70.104,180.0,top,C1,,C_0603_1608Metric,0.1uF,smt,True
90.3354,-65.2272,180.0,top,C10,,C_0603_1608Metric,0.1uF,smt,True
87.122,-72.9488,0.0,top,C11,,C_0603_1608Metric,10uF,smt,True
132.9436,-73.9648,180.0,top,C12,,C_0603_1608Metric,0.1uF,smt,True
128.4732,-67.8688,180.0,top,C13,,C_0603_1608Metric,10uF,smt,True
81.8388,-115.1636,0.0,top,C14,,C_0603_1608Metric,0.1uF,smt,True
84.0102,-119.9896,0.0,top,C15,,C_0603_1608Metric,10uF,smt,True
123.1392,-121.7676,180.0,top,C16,,C_0603_1608Metric,100n,smt,True
130.0988,-110.6932,180.0,top,C17,,C_0603_1608Metric,100n,smt,True
138.3284,-106.9848,0.0,top,C18,,C_0603_1608Metric,100n,smt,True
133.6548,-127.1146,-90.0,top,C19,,C_0603_1608Metric,100n,smt,True
91.694,-72.898,180.0,top,C2,,C_0603_1608Metric,0.1uF,smt,True
96.9902,-132.334,0.0,top,C20,,C_0603_1608Metric,10uF,smt,True
95.7072,-127.9652,0.0,top,C21,,C_0603_1608Metric,22uF,smt,True
144.1196,-75.8822,-90.0,top,C3,,C_0603_1608Metric,0.1uF,smt,True
132.0292,-79.1464,90.0,top,C4,,C_0603_1608Metric,0.1uF,smt,True
81.0768,-106.5276,180.0,top,C5,,C_0603_1608Metric,0.1uF,smt,True
96.4184,-121.0564,90.0,top,C6,,C_0603_1608Metric,0.1uF,smt,True
102.8192,-56.9468,-90.0,top,C7,,C_0603_1608Metric,10uF,smt,True
125.73,-63.6524,0.0,top,C8,,C_0603_1608Metric,10uF,smt,True
87.7316,-122.936,0.0,top,C9,,C_0603_1608Metric,10uF,smt,True
110.9472,-64.8716,0.0,top,H1,,MountingHole_3.2mm_M3_ISO7380,MountingHole,tht,True
74.422,-97.9424,0.0,top,H2,,MountingHole_3.2mm_M3_ISO7380,MountingHole,tht,True
146.9644,-95.9612,0.0,top,H3,,MountingHole_3.2mm_M3_ISO7380,MountingHole,tht,True
105.7528,-78.1944,90.0,top,J1,,PinHeader_1x04_P2.54mm_Vertical,Load Cell 1,tht,True
103.1692,-144.1288,0.0,top,J10,,USB_C_Receptacle_HRO_TYPE-C-31-M-12,USB_C_Receptacle_USB2.0,smt,True
135.820444,-138.111899,-65.0,top,J11,,PinHeader_1x05_P2.54mm_Vertical,Conn_01x05_Pin,tht,True
106.2,-123.0,90.0,top,J2,,PinHeader_1x04_P2.54mm_Vertical,Load Cell 2,tht,True
96.279302,-81.612698,-45.0,top,J3,,PinHeader_1x04_P2.54mm_Vertical,Load Cell 5,tht,True
122.613794,-80.841394,45.0,top,J4,,PinHeader_1x04_P2.54mm_Vertical,Load Cell 6,tht,True
87.9628,-96.6348,0.0,top,J5,,PinHeader_1x04_P2.54mm_Vertical,Load Cell 3,tht,True
132.5144,-96.086,0.0,top,J6,,PinHeader_1x04_P2.54mm_Vertical,Load Cell 4,tht,True
121.0464,-144.3166,-90.0,top,J7,,PinHeader_1x04_P2.54mm_Horizontal,Conn_01x04_Male,tht,True
147.999457,-124.363141,-40.0,top,J8,,PinHeader_1x05_P2.54mm_Horizontal,Conn_01x05_Pin,tht,True
153.4886,-105.3316,0.0,top,J9,,PinHeader_1x04_P2.54mm_Horizontal,Conn_01x04_Male,tht,True
142.5628,-112.1995,0.0,top,JP1,,SolderJumper-3_P2.0mm_Open_TrianglePad1.0x1.5mm,Jumper_3_Open,tht,True
76.9897,-72.6948,0.0,top,Q1,,SOT-23,MMS8550,smt,True
130.9855,-64.0588,180.0,top,Q2,,SOT-23,MMS8550,smt,True
68.0769,-109.2332,0.0,top,Q3,,SOT-23,MMS8550,smt,True
115.1405,-129.3876,0.0,top,Q4,,SOT-23,2N7002,smt,True
110.4669,-131.6228,0.0,top,Q5,,SOT-23,2N7002,smt,True
115.4961,-134.4168,0.0,top,Q6,,SOT-23,2N7002,smt,True
111.1273,-135.9408,0.0,top,Q7,,SOT-23,2N7002,smt,True
116.3089,-139.0396,0.0,top,Q8,,SOT-23,2N7002,smt,True
106.1212,-73.2028,0.0,top,R1,,R_0603_1608Metric,100,smt,True
82.296,-94.8944,180.0,top,R10,,R_0603_1608Metric,100,smt,True
99.8728,-123.7488,180.0,top,R11,,R_0603_1608Metric,100,smt,True
99.822,-119.4816,180.0,top,R12,,R_0603_1608Metric,100,smt,True
87.4776,-62.8904,180.0,top,R13,,R_0603_1608Metric,8.2k,smt,True
84.8868,-69.6468,0.0,top,R14,,R_0603_1608Metric,20k,smt,True
128.3208,-76.391,-90.0,top,R15,,R_0603_1608Metric,8.2k,smt,True
127.508,-72.644,0.0,top,R16,,R_0603_1608Metric,20k,smt,True
85.2424,-117.1448,90.0,top,R17,,R_0603_1608Metric,8.2k,smt,True
82.7024,-123.3932,180.0,top,R18,,R_0603_1608Metric,20k,smt,True
138.684,-122.0216,90.0,top,R19,,R_0603_1608Metric,10k,smt,True
101.5492,-74.6252,180.0,top,R2,,R_0603_1608Metric,100,smt,True
137.351,-111.1504,0.0,top,R20,,R_0603_1608Metric,10k,smt,True
99.9236,-129.032,180.0,top,R21,,R_0603_1608Metric,22,smt,True
104.2924,-131.7752,180.0,top,R22,,R_0603_1608Metric,22,smt,True
98.997,-136.0932,0.0,top,R23,,R_0603_1608Metric,5.1K,smt,True
104.9914,-136.1948,180.0,top,R24,,R_0603_1608Metric,5.1K,smt,True
148.59,-84.0232,-90.0,top,R25,,R_0603_1608Metric,10k,smt,True
145.034,-84.0862,-90.0,top,R26,,R_0603_1608Metric,10k,smt,True
141.6812,-84.2264,-90.0,top,R27,,R_0603_1608Metric,10k,smt,True
138.43,-84.2772,-90.0,top,R28,,R_0603_1608Metric,10k,smt,True
135.4836,-84.3158,-90.0,top,R29,,R_0603_1608Metric,10k,smt,True
90.9828,-78.3336,90.0,top,R3,,R_0603_1608Metric,100,smt,True
94.3864,-77.5208,180.0,top,R4,,R_0603_1608Metric,100,smt,True
134.1628,-90.1192,90.0,top,R5,,R_0603_1608Metric,100,smt,True
132.2324,-90.1192,90.0,top,R6,,R_0603_1608Metric,100,smt,True
127.7112,-81.1784,0.0,top,R7,,R_0603_1608Metric,100,smt,True
125.2098,-78.5368,0.0,top,R8,,R_0603_1608Metric,100,smt,True
83.4136,-99.1108,180.0,top,R9,,R_0603_1608Metric,100,smt,True
127.6604,-136.398,0.0,top,SW1,,SW_SPST_B3U-1000P-B,SW_Push,smt,True
95.851,-63.183,0.0,top,U1,,SOIC-16_3.9x9.9mm_P1.27mm,HX711,smt,True
138.523,-72.1238,0.0,top,U2,,SOIC-16_3.9x9.9mm_P1.27mm,HX711,smt,True
76.2366,-116.8654,180.0,top,U3,,SOIC-16_3.9x9.9mm_P1.27mm,HX711,smt,True
130.6576,-118.0592,180.0,top,U4,,LQFP-48_7x7mm_P0.5mm,STM32F103C8Tx,smt,True
90.9828,-138.43,0.0,top,U5,,SOT-223-3_TabPin2,AZ1117-3.3,smt,True
139.954,-118.3832,90.0,top,Y1,,Resonator_SMD_Murata_CSTxExxV-3Pin_3.0x1.1mm,8Mhz,smt,True
