﻿pos_x,pos_y,rotation,side,designator,mpn,pack,value,mount_type,place
133.858,-102.108,0.0,top,C1,,C_0603_1608Metric,10n,smt,True
121.92,-87.63,-90.0,top,C10,,C_0603_1608Metric,1u,smt,True
121.453,-99.53,-90.0,top,C11,,C_0603_1608Metric,100n,smt,True
122.977,-99.53,-90.0,top,C12,,C_0603_1608Metric,100n,smt,True
130.6815,-83.2,90.0,top,C13,,C_0603_1608Metric,0.22u,smt,True
84.65,-82.62,180.0,top,C15,,C_0603_1608Metric,10n,smt,True
95.0,-82.04,-90.0,top,C16,,C_0603_1608Metric,100n,smt,True
135.636,-83.2,90.0,top,C17,,C_0603_1608Metric,0.22u,smt,True
108.966,-97.3328,-90.0,top,C2,,C_0603_1608Metric,4.7u,smt,True
133.858,-97.79,0.0,top,C3,,C_0603_1608Metric,2.2u,smt,True
133.858,-100.076,0.0,top,C4,,C_0603_1608Metric,100n,smt,True
104.648,-85.598,90.0,top,C5,,C_0603_1608Metric,100n,smt,True
104.648,-89.916,-90.0,top,C6,,C_0603_1608Metric,100n,smt,True
113.284,-78.74,-90.0,top,C7,,C_0603_1608Metric,100n,smt,True
113.284,-97.282,90.0,top,C8,,C_0603_1608Metric,100n,smt,True
96.774,-82.042,90.0,top,C9,,C_0603_1608Metric,10n,smt,True
98.806,-101.4245,90.0,top,D1,,LED_0805_2012Metric,LED,smt,True
96.774,-101.4245,90.0,top,D2,,LED_0805_2012Metric,LED,smt,True
94.758,-101.4245,90.0,top,D3,,LED_0805_2012Metric,LED,smt,True
143.66,-65.05,0.0,top,H1,,MountingHole_2.5mm_Pad,MountingHole,tht,True
80.772,-111.08,0.0,top,H3,,MountingHole_2.5mm_Pad,MountingHole,tht,True
143.68,-111.05,0.0,top,H4,,MountingHole_2.5mm_Pad,MountingHole,tht,True
141.859,-95.758,0.0,top,H5,,MountingHole_2.7mm_M2.5,MountingHole,tht,True
141.859,-72.771,0.0,top,H6,,MountingHole_2.7mm_M2.5,MountingHole,tht,True
83.947,-72.771,0.0,top,H7,,MountingHole_2.7mm_M2.5,MountingHole,tht,True
83.947,-95.758,0.0,top,H8,,MountingHole_2.7mm_M2.5,MountingHole,tht,True
114.203,-70.171,90.0,top,J1,,PinSocket_2x20_P2.54mm_Vertical,Raspberry_Pi_2_3 ANT,tht,True
77.298,-83.058,0.0,top,J2,,PinHeader_2x07_P1.27mm_Vertical_SMD,Conn_ST_STDC14,smt,True
76.0476,-65.2272,-90.0,top,J3,,JST_EH_B4B-EH-A_1x04_P2.50mm_Vertical,Battery / Pitot/ Orientation,tht,True
87.67,-111.46,0.0,top,J4,,JST_EH_B3B-EH-A_1x03_P2.50mm_Vertical,c02 censor,tht,True
75.992,-94.08,-90.0,top,J5,,JST_EH_B6B-EH-A_1x06_P2.50mm_Vertical,shaftencorder,tht,True
148.336,-86.2076,90.0,top,J6,,USB_C_Receptacle_HRO_TYPE-C-31-M-12,USB_C_Receptacle_USB2.0,smt,True
99.608,-111.506,0.0,top,J7,,JST_EH_B3B-EH-A_1x03_P2.50mm_Vertical,SparLoad,tht,True
129.874,-111.46,0.0,top,J8,,JST_EH_B4B-EH-A_1x04_P2.50mm_Vertical,lidar,tht,True
149.814,-75.57,90.0,top,J9,,JST_EH_B5B-EH-A_1x05_P2.50mm_Vertical,Control Board,tht,True
91.948,-90.17,0.0,top,JP1,,SolderJumper-3_P2.0mm_Open_TrianglePad1.0x1.5mm_NumberLabels,Jumper_3_Open,tht,True
87.63,-90.17,90.0,top,JP4,,SolderJumper-2_P1.3mm_Open_RoundedPad1.0x1.5mm,5V ,tht,True
131.826,-87.63,-90.0,top,JP5,,SolderJumper-2_P1.3mm_Open_RoundedPad1.0x1.5mm,Jumper_2_Open,tht,True
134.62,-87.63,90.0,top,JP6,,SolderJumper-2_P1.3mm_Open_RoundedPad1.0x1.5mm,Jumper_2_Open,tht,True
102.616,-81.534,135.0,top,Q1,,SOT-23,2N7002K,smt,True
107.442,-97.282,90.0,top,R1,,R_0603_1608Metric,100k,smt,True
98.806,-104.648,90.0,top,R10,,R_0603_1608Metric,130R,smt,True
96.774,-104.648,90.0,top,R11,,R_0603_1608Metric,130R,smt,True
94.742,-104.648,-90.0,top,R12,,R_0603_1608Metric,130R,smt,True
125.476,-78.74,-90.0,top,R13,,R_0603_1608Metric,10k,smt,True
123.952,-78.74,-90.0,top,R14,,R_0603_1608Metric,10k,smt,True
84.67,-79.43,180.0,top,R15,,R_0603_1608Metric,1k,smt,True
84.65,-81.04,0.0,top,R16,,R_0603_1608Metric,20k,smt,True
84.64,-84.19,0.0,top,R17,,R_0603_1608Metric,470R,smt,True
110.49,-97.3328,90.0,top,R3,,R_0603_1608Metric,100k,smt,True
127.0,-78.74,90.0,top,R4,,R_0603_1608Metric,10k,smt,True
133.795,-93.726,0.0,top,R5,,R_0603_1608Metric,22R,smt,True
133.795,-91.44,0.0,top,R6,,R_0603_1608Metric,22R,smt,True
140.97,-88.646,90.0,top,R7,,R_0603_1608Metric,5.1K,smt,True
140.97,-83.566,-90.0,top,R8,,R_0603_1608Metric,5.1K,smt,True
98.59,-82.04,-90.0,top,R9,,R_0603_1608Metric,5.6k,smt,True
150.84,-99.366,-90.0,top,SW1,,SW_PUSH_6mm_H4.3mm,MCU_RST,tht,True
133.2215,-84.47,0.0,top,U10,,WSON-6-1EP_2x2mm_P0.65mm_EP1x1.6mm_ThermalVias,TLV76733DRVx,smt,True
130.4095,-99.572,0.0,top,U2,,LGA-14_3x2.5mm_P0.5mm_LayoutBorder3x4y,IMU,smt,True
90.28,-81.95,0.0,top,U3,,SOIC-8-1EP_3.9x4.9mm_P1.27mm_EP2.29x3mm,LM358,smt,True
99.1108,-65.532,90.0,top,U4,,PinSocket_1x09_P2.54mm_Vertical,GPS module,tht,True
113.284,-111.506,90.0,top,U5,,Aosong_DHT11_5.5x12.0_P2.54mm,DHT11(DHT22),tht,True
113.284,-87.6808,-45.0,top,U6,,LQFP-64_10x10mm_P0.5mm,STM32F412RETx,smt,True
128.524,-66.04,90.0,top,U7,,nRF24L01_Breakout,nRF24L01-telemetry-INTERIOR,tht,True
81.534,-66.04,90.0,top,U8,,nRF24L01_Breakout,nRF24L01-telemetry-EXTERIOR,tht,True
119.167,-99.53,180.0,top,U9,,Bosch_LGA-8_2x2.5mm_P0.65mm_ClockwisePinNumbering,DPS310 - barometer,smt,True
106.426,-78.74,-135.0,top,Y1,,Resonator_SMD_Murata_CSTxExxV-3Pin_3.0x1.1mm,8M,smt,True
