﻿pos_x,pos_y,rotation,side,designator,mpn,pack,value,mount_type,place
110.5,-47.95,-90.0,bottom,BT1,,SolderWire-1.5sqmm_1x02_P6mm_D1.7mm_OD3mm_Relief,Battery,tht,True
97.3575,-58.725,180.0,top,C1,,C_0603_1608Metric,10n,smt,True
203.0134,-180.0212,0.0,top,C1,,C_0603_1608Metric,10n,smt,True
279.55,-163.09486,0.0,top,C1,,C_0603_1608Metric,100n,smt,True
187.731124,-48.359125,90.0,top,C1,,C_0603_1608Metric,10 u,smt,True
89.102,-132.8025,-90.0,top,C1,,C_0603_1608Metric,1u,smt,True
82.235,-61.45,0.0,top,C10,,C_0805_2012Metric,10u,smt,True
112.1,-57.4,90.0,top,C11,,C_0805_2012Metric,22uF,smt,True
305.45,-143.50986,90.0,top,C12,,C_0603_1608Metric,1n,smt,True
114.1,-57.4,90.0,top,C12,,C_0805_2012Metric,22uF,smt,True
116.1,-57.4,90.0,top,C13,,C_0805_2012Metric,22uF,smt,True
304.7325,-155.54736,0.0,top,C14,,C_0603_1608Metric,100n,smt,True
118.1,-57.4,90.0,top,C14,,C_0805_2012Metric,22uF,smt,True
303.95,-143.50986,90.0,top,C15,,C_0603_1608Metric,1n,smt,True
120.1,-57.4,90.0,top,C15,,C_0805_2012Metric,22uF,smt,True
298.199647,-125.73486,90.0,top,C16,,C_0603_1608Metric,100n,smt,True
122.1,-50.45,0.0,top,C16,,C_0805_2012Metric,100n,smt,True
124.1,-59.45,180.0,top,C17,,C_0805_2012Metric,100n,smt,True
304.095,-168.95486,180.0,top,C17,,C_0603_1608Metric,27p,smt,True
111.6,-62.45,0.0,top,C18,,C_0603_1608Metric,100n,smt,True
304.095,-167.44486,180.0,top,C18,,C_0603_1608Metric,27p,smt,True
106.27,-47.95,-90.0,top,C19,,C_0805_2012Metric,10u,smt,True
97.3575,-60.225,180.0,top,C2,,C_0603_1608Metric,100n,smt,True
94.8655,-142.2005,-90.0,top,C2,,C_0603_1608Metric,10n,smt,True
279.3,-146.37486,0.0,top,C2,,C_0603_1608Metric,100n,smt,True
207.6362,-166.7624,0.0,top,C2,,C_0603_1608Metric,100n,smt,True
184.231124,-51.481125,180.0,top,C2,,C_0603_1608Metric,10 u,smt,True
89.6,-54.95,90.0,top,C20,,C_0805_2012Metric,10u,smt,True
96.6435,-143.1149,-90.0,top,C3,,C_0603_1608Metric,100n,smt,True
123.925,-47.95,180.0,top,C3,,C_0603_1608Metric,100n,smt,True
211.1922,-179.6656,0.0,top,C3,,C_0603_1608Metric,1u,smt,True
187.731124,-56.609125,90.0,top,C3,,C_0603_1608Metric,0.1 u,smt,True
279.325,-129.63486,0.0,top,C3,,C_0603_1608Metric,100n,smt,True
184.4968,-110.5268,0.0,top,C4,,C_0603_1608Metric,100n,smt,True
279.3,-112.83486,0.0,top,C4,,C_0603_1608Metric,100n,smt,True
111.6,-60.95,0.0,top,C4,,C_0603_1608Metric,100n,smt,True
109.3943,-143.8261,90.0,top,C4,,C_0603_1608Metric,100n,smt,True
180.011124,-52.981125,-90.0,top,C4,,C_0603_1608Metric,0.1 u,smt,True
100.5551,-131.8881,180.0,top,C5,,C_0603_1608Metric,100n,smt,True
182.731124,-60.721125,0.0,top,C5,,C_0603_1608Metric,0.1 u,smt,True
306.95,-143.50986,90.0,top,C5,,C_0603_1608Metric,100n,smt,True
185.1318,-128.5608,0.0,top,C5,,C_0603_1608Metric,100n,smt,True
114.6,-63.95,0.0,top,C5,,C_0603_1608Metric,10n,smt,True
302.45,-143.50986,90.0,top,C6,,C_0603_1608Metric,100n,smt,True
109.0895,-133.8185,90.0,top,C6,,C_0603_1608Metric,100n,smt,True
75.6,-62.45,180.0,top,C6,,C_0603_1608Metric,100n,smt,True
185.2588,-146.036,0.0,top,C6,,C_0603_1608Metric,100n,smt,True
92.6303,-157.4405,180.0,top,C7,,CP_Radial_D5.0mm_P2.00mm,10uF,tht,True
185.1318,-163.308,0.0,top,C7,,C_0603_1608Metric,100n,smt,True
297.9825,-147.00986,90.0,top,C7,,C_0603_1608Metric,100n,smt,True
75.6,-50.45,180.0,top,C7,,C_0603_1608Metric,100n,smt,True
308.159647,-136.63486,90.0,top,C8,,C_0603_1608Metric,22u,smt,True
104.5175,-156.9325,0.0,top,C8,,CP_Radial_D5.0mm_P2.00mm,22uF,tht,True
106.27,-51.95,90.0,top,C8,,C_0805_2012Metric,22uF,smt,True
309.659647,-136.63486,90.0,top,C9,,C_0603_1608Metric,22u,smt,True
77.6,-51.95,180.0,top,C9,,C_0603_1608Metric,100n,smt,True
89.5823,-149.5157,0.0,top,D1,,LED_0805_2012Metric,LED,smt,True
101.6,-62.8875,-90.0,bottom,D1,,LED_0805_2012Metric,LED,smt,True
95.4012,-149.4141,0.0,top,D2,,LED_0805_2012Metric,LED,smt,True
104.6,-62.8875,-90.0,bottom,D2,,LED_0805_2012Metric,LED,smt,True
106.4479,-149.4141,180.0,top,D3,,LED_0805_2012Metric,LED,smt,True
107.6,-62.8875,-90.0,bottom,D3,,LED_0805_2012Metric,LED,smt,True
101.1647,-149.4649,0.0,top,D4,,LED_0805_2012Metric,LED,smt,True
109.1911,-125.9953,0.0,top,H1,,MountingHole_3.2mm_M3,M3,tht,True
291.65,-190.71486,90.0,top,H1,,MountingHole_3.2mm_M3,MountingHole,tht,True
197.0,-189.5,90.0,top,H1,,MountingHole_3.2mm_M3,MountingHole,tht,True
88.0583,-126.5033,0.0,top,H2,,MountingHole_3.2mm_M3,M3,tht,True
169.0,-146.0,90.0,top,H2,,MountingHole_3.2mm_M3,MountingHole,tht,True
263.65,-147.71486,90.0,top,H2,,MountingHole_3.2mm_M3,MountingHole,tht,True
98.5231,-167.8545,0.0,top,H3,,MountingHole_3.2mm_M3,M3,tht,True
291.65,-103.71486,90.0,top,H3,,MountingHole_3.2mm_M3,MountingHole,tht,True
197.0,-102.5,90.0,top,H3,,MountingHole_3.2mm_M3,MountingHole,tht,True
212.231124,-49.731125,-90.0,top,J1,,JST_EH_B3B-EH-A_1x03_P2.50mm_Vertical,Conn_01x03_Pin,tht,True
86.5851,-118.9341,90.0,top,J1,,JST_EH_B4B-EH-A_1x04_P2.50mm_Vertical,Orientation,tht,True
308.099647,-161.70986,0.0,top,J1,,PinHeader_1x04_P2.54mm_Vertical,Conn_01x04_Pin,tht,True
214.5858,-131.304,-90.0,top,J1,,PinHeader_1x04_P2.54mm_Vertical,Conn_01x04_Pin,tht,True
304.195,-47.86,180.0,bottom,J1,,PinHeader_1x08_P2.54mm_Vertical,Conn_01x08_Pin,tht,True
122.6,-60.75,90.0,bottom,J1,,IDC-Header_2x03_P2.54mm_Vertical_SMD,AVR-ISP-6,smt,True
83.1815,-155.1653,90.0,top,J10,,JST_EH_B3B-EH-A_1x03_P2.50mm_Vertical,Shaft,tht,True
109.9531,-169.8865,90.0,top,J11,,JST_EH_B4B-EH-A_1x04_P2.50mm_Vertical,Wind Speed,tht,True
113.0519,-155.2561,90.0,top,J12,,JST_EH_B3B-EH-A_1x03_P2.50mm_Vertical,DHT,tht,True
89.5823,-184.1937,90.0,top,J13,,JST_EH_B4B-EH-A_1x04_P2.50mm_Vertical,RPi,tht,True
98.6755,-190.6637,0.0,top,J14,,USB_C_Receptacle_HRO_TYPE-C-31-M-12,USB_C_Receptacle_USB2.0,smt,True
106.7527,-184.3461,90.0,top,J15,,JST_EH_B4B-EH-A_1x04_P2.50mm_Vertical,Control Board,tht,True
177.231124,-49.181125,0.0,top,J2,,PinHeader_1x04_P2.54mm_Vertical,Conn_01x04_Pin,tht,True
313.515,-116.03486,90.0,top,J2,,USB_C_Receptacle_HRO_TYPE-C-31-M-12,USB_C_Receptacle_USB2.0,smt,True
211.4108,-149.719,0.0,top,J2,,IDC-Header_2x03_P2.54mm_Vertical_SMD,AVR-ISP-6,smt,True
80.1843,-125.6613,90.0,top,J2,,JST_EH_B4B-EH-A_1x04_P2.50mm_Vertical,PROG,tht,True
81.55,-47.95,90.0,bottom,J2,,PinHeader_1x04_P2.54mm_Vertical,LOAD1,tht,True
219.6758,-138.289,-90.0,top,J3,,PinHeader_1x06_P2.54mm_Vertical,Conn_01x06_Pin,tht,True
313.21,-161.70986,0.0,top,J3,,PinHeader_1x06_P2.54mm_Vertical,Conn_01x06_Pin,tht,True
94.2836,-122.5841,90.0,top,J3,,JST_EH_B6B-EH-A_1x06_P2.50mm_Vertical,SPI VIDEO,tht,True
178.931124,-63.481125,90.0,top,J3,,PinHeader_1x04_P2.54mm_Vertical,Conn_01x04_Pin,tht,True
81.55,-64.95,90.0,bottom,J3,,PinHeader_1x04_P2.54mm_Vertical,LOAD2,tht,True
109.7499,-118.4369,90.0,top,J4,,JST_EH_B4B-EH-A_1x04_P2.50mm_Vertical,Barometer,tht,True
194.731124,-63.481125,0.0,top,J4,,PinHeader_2x03_P2.54mm_Vertical_SMD,AVR-ISP-6,smt,True
86.92,-48.75,0.0,bottom,J4,,JST_EH_B3B-EH-A_1x03_P2.50mm_Vertical,SERVO1,tht,True
115.8967,-125.1933,90.0,top,J5,,JST_EH_B4B-EH-A_1x04_P2.50mm_Vertical,Bluetooth,tht,True
312.88,-146.77486,-90.0,top,J5,,JST_EH_B3B-EH-A_1x03_P2.50mm_Vertical,Conn_01x03_Pin,tht,True
104.0095,-122.0837,180.0,top,J6,,PinHeader_2x06_P2.54mm_Vertical,GPIO,tht,True
86.92,-64.75,0.0,bottom,J6,,JST_EH_B3B-EH-A_1x03_P2.50mm_Vertical,SERVO2,tht,True
82.8259,-132.7701,-90.0,top,J7,,JST_EH_B4B-EH-A_1x04_P2.50mm_Vertical,GPS,tht,True
114.1695,-132.8209,-90.0,top,J8,,JST_EH_B3B-EH-A_1x03_P2.50mm_Vertical,Wing Load,tht,True
86.2295,-169.6941,90.0,top,J9,,JST_EH_B4B-EH-A_1x04_P2.50mm_Vertical,Radar,tht,True
100.9465,-128.3829,-90.0,top,JP1,,PinHeader_1x03_P2.54mm_Vertical,BOOT0,tht,True
116.1,-51.95,0.0,top,L1,,L_Taiyo-Yuden_NR-60xx,3.3uH,smt,True
184.731124,-48.859125,180.0,top,Q1,,SOT-23,MMS8550,smt,True
104.7484,-165.0605,0.0,top,Q1,,SOT-23,2N7002K,smt,True
86.6,-54.95,90.0,top,Q1,,SOT-23,MMS8550,smt,True
112.6455,-177.8621,180.0,top,Q2,,SOT-23,2N7002K,smt,True
207.515124,-56.301125,-90.0,top,Q2,,SOT-23,2N7002K,smt,True
81.5605,-145.1977,0.0,top,Q3,,SOT-23,2N7002K,smt,True
89.4299,-147.0265,0.0,top,R1,,R_0603_1608Metric,330,smt,True
300.524647,-119.70986,0.0,top,R1,,R_0603_1608Metric,10k,smt,True
111.6,-63.95,0.0,top,R1,,R_0603_1608Metric,10k,smt,True
200.495124,-49.189125,-90.0,top,R1,,R_0603_1608Metric,R_US,smt,True
217.675,-179.135,0.0,top,R1,,R_0603_1608Metric,10k,smt,True
179.231124,-60.721125,180.0,top,R10,,R_0603_1608Metric,100,smt,True
92.4149,-171.1565,0.0,top,R10,,R_0603_1608Metric,22,smt,True
312.669647,-136.63486,90.0,top,R10,,R_0603_1608Metric,5.1k,smt,True
83.6,-51.95,180.0,top,R10,,R_0603_1608Metric,20k,smt,True
80.6,-51.95,180.0,top,R11,,R_0603_1608Metric,8.2k,smt,True
101.1647,-173.3917,0.0,top,R11,,R_0603_1608Metric,22,smt,True
315.689647,-136.63486,-90.0,top,R11,,R_0603_1608Metric,22,smt,True
127.6,-57.45,180.0,top,R12,,R_0603_1608Metric,10k,smt,True
314.179647,-136.63486,-90.0,top,R12,,R_0603_1608Metric,22,smt,True
96.1355,-173.4933,0.0,top,R12,,R_0603_1608Metric,5.1K,smt,True
125.1,-54.45,-90.0,top,R13,,R_0603_1608Metric,10k,smt,True
81.8762,-160.7425,0.0,top,R13,,R_0603_1608Metric,10k,smt,True
113.0288,-174.4585,0.0,top,R14,,R_0603_1608Metric,10k,smt,True
124.1,-57.45,0.0,top,R14,,R_0603_1608Metric,54.9k,smt,True
116.026,-162.4189,90.0,top,R15,,R_0603_1608Metric,10k,smt,True
101.6,-59.625,90.0,bottom,R15,,R_0603_1608Metric,330,smt,True
105.5612,-171.2581,0.0,top,R16,,R_0603_1608Metric,10k,smt,True
104.6,-59.625,90.0,bottom,R16,,R_0603_1608Metric,330,smt,True
107.6,-59.625,90.0,bottom,R17,,R_0603_1608Metric,330,smt,True
300.524647,-118.18986,0.0,top,R2,,R_0603_1608Metric,10k,smt,True
117.925,-47.95,0.0,top,R2,,R_0603_1608Metric,15k,smt,True
206.057124,-49.189125,-90.0,top,R2,,R_0603_1608Metric,5 k,smt,True
88.6448,-140.5241,90.0,top,R2,,R_0603_1608Metric,10k,smt,True
217.675,-176.595,0.0,top,R2,,R_0603_1608Metric,10k,smt,True
203.035124,-49.189125,90.0,top,R3,,R_0603_1608Metric,R_US,smt,True
120.925,-47.95,0.0,top,R3,,R_0603_1608Metric,10k,smt,True
217.675,-174.055,0.0,top,R3,,R_0603_1608Metric,10k,smt,True
92.3763,-143.9785,180.0,top,R3,,R_0603_1608Metric,10k,smt,True
300.524647,-116.66986,0.0,top,R3,,R_0603_1608Metric,10k,smt,True
300.524647,-115.14986,0.0,top,R4,,R_0603_1608Metric,10k,smt,True
101.0631,-147.1789,0.0,top,R4,,R_0603_1608Metric,330,smt,True
187.731124,-52.481125,-90.0,top,R4,,R_0603_1608Metric,10 k,smt,True
71.6,-54.95,-90.0,top,R4,,R_0603_1608Metric,5k,smt,True
217.675,-171.515,0.0,top,R4,,R_0603_1608Metric,10k,smt,True
71.6,-57.95,-90.0,top,R5,,R_0603_1608Metric,10k,smt,True
106.5495,-146.9249,180.0,top,R5,,R_0603_1608Metric,330,smt,True
203.45,-156.91,0.0,top,R5,,R_0603_1608Metric,10k,smt,True
184.231124,-53.481125,180.0,top,R5,,R_0603_1608Metric,5.6 k,smt,True
300.524647,-113.62986,0.0,top,R5,,R_0603_1608Metric,10k,smt,True
212.406124,-59.481125,180.0,top,R6,,R_0603_1608Metric,10 k,smt,True
78.6,-62.45,180.0,top,R6,,R_0603_1608Metric,100,smt,True
95.3227,-147.2297,0.0,top,R6,,R_0603_1608Metric,330,smt,True
301.259647,-134.35986,0.0,top,R6,,R_0603_1608Metric,10k,smt,True
304.434647,-134.35986,0.0,top,R7,,R_0603_1608Metric,1k,smt,True
72.6,-62.45,0.0,top,R7,,R_0603_1608Metric,100,smt,True
180.011124,-56.221125,-90.0,top,R7,,R_0603_1608Metric,100 ,smt,True
106.4479,-131.0245,0.0,top,R7,,R_0603_1608Metric,5k,smt,True
95.9722,-134.0217,0.0,top,R8,,R_0603_1608Metric,10k,smt,True
78.6,-50.45,180.0,top,R8,,R_0603_1608Metric,100,smt,True
180.011124,-49.721125,90.0,top,R8,,R_0603_1608Metric,100,smt,True
304.095,-171.83486,0.0,top,R8,,R_0603_1608Metric,1k,smt,True
186.231124,-60.721125,0.0,top,R9,,R_0603_1608Metric,100,smt,True
311.159647,-136.63486,90.0,top,R9,,R_0603_1608Metric,5.1k,smt,True
92.2625,-167.9561,0.0,top,R9,,R_0603_1608Metric,5.1K,smt,True
72.6,-50.45,0.0,top,R9,,R_0603_1608Metric,100,smt,True
302.549647,-180.80986,-90.0,top,SW1,,SW_SPST_SKQG_WithStem,Reset,smt,True
95.4775,-177.5277,0.0,top,SW1,,SW_PUSH_6mm_H4.3mm,MCU_RST,tht,True
215.2858,-119.164,90.0,top,SW1,,SW_SPST_SKQG_WithStem,Reset,smt,True
206.231124,-62.981125,0.0,top,SW1,,SW_SPST_SKQG_WithStem,SW_DPST_x2,smt,True
310.549647,-180.80986,-90.0,top,SW2,,SW_SPST_SKQG_WithStem,Boot Mode,smt,True
103.149,-138.4105,0.0,top,U1,,LQFP-48_7x7mm_P0.5mm,STM32F103C8Tx,smt,True
189.526,-172.071,180.0,top,U1,,HV120SM02C,~,smt,False
284.44,-171.43486,180.0,top,U1,,HV120SM02C,~,smt,False
192.327124,-53.806125,0.0,top,U1,,SOP-16_3.9x9.9mm_P1.27mm,HX711,smt,True
104.6,-60.45,0.0,top,U1,,TQFP-32_7x7mm_P0.8mm,ATmega328P-A,smt,True
201.511124,-56.408125,90.0,top,U2,,QFN-20-1EP_4x4mm_P0.5mm_EP2.6x2.6mm,ATtiny85-20M,smt,True
283.24,-56.75,180.0,top,U2,,HV120SM02C,~,smt,False
98.5231,-158.2025,-90.0,top,U2,,SOT-223-3_TabPin2,AZ1117-3.3,smt,True
189.523,-154.677,180.0,top,U2,,HV120SM02C,~,smt,False
284.44,-154.75486,180.0,top,U2,,HV120SM02C,~,smt,False
284.44,-138.00486,180.0,top,U3,,HV120SM02C,~,smt,False
189.525,-137.273,180.0,top,U3,,HV120SM02C,~,smt,False
68.6,-50.1,0.0,top,U3,,PinHeader_1x06_P2.54mm_Vertical,HC-05,tht,True
122.1,-53.5,0.0,top,U4,,TSOT-23-6,TPS563208DDCR,smt,True
189.525,-119.874,180.0,top,U4,,HV120SM02C,~,smt,False
284.44,-121.23486,180.0,top,U4,,HV120SM02C,~,smt,False
207.052,-173.341,-90.0,top,U5,,TQFP-32_7x7mm_P0.8mm,ATmega328P-A,smt,True
302.199647,-128.70986,90.0,top,U5,,SOIC-8_5.23x5.23mm_P1.27mm,W25Q128JVS,smt,True
100.1,-49.95,180.0,top,U5,,SOT-223-3_TabPin2,AZ1117-5.0,smt,True
303.3125,-149.93486,0.0,top,U6,,QFN-56-1EP_7x7mm_P0.4mm_EP3.2x3.2mm,RP2040,smt,True
79.235,-56.45,-90.0,top,U6,,SOP-16_3.9x9.9mm_P1.27mm,HX711,smt,True
310.7,-127.71486,90.0,top,U7,,SOT-223-3_TabPin2,AZ1117-3.3,smt,True
97.3575,-62.925,90.0,top,Y1,,Resonator_SMD_Murata_CSTxExxV-3Pin_3.0x1.1mm,Resonator_Small,smt,True
206.0,-162.8,0.0,top,Y1,,Resonator_SMD-3Pin_7.2x3.0mm_HandSoldering,8MHz,smt,True
95.3504,-137.6601,-90.0,top,Y1,,Resonator_SMD_Murata_CSTxExxV-3Pin_3.0x1.1mm,8MHz,smt,True
299.85,-168.18486,90.0,top,Y1,,Crystal_SMD_HC49-SD(ABLS-12.000MHZ-B4-T),Crystal,smt,True
