﻿designator,quantity,value,pack,mpn,mount_type
BT1,1,Battery,SolderWire-1.5sqmm_1x02_P6mm_D1.7mm_OD3mm_Relief,,tht
"C1, C1, C2, C5",4,10n,C_0603_1608Metric,,smt
"C1, C14, C16, C18, C2, C2, C2, C3, C3, C3, C4, C4, C4, C4, C5, C5, C5, C6, C6, C6, C6, C7, C7, C7, C9",25,100n,C_0603_1608Metric,,smt
"C1, C2",2,10 u,C_0603_1608Metric,,smt
"C1, C3",2,1u,C_0603_1608Metric,,smt
"C10, C19, C20",3,10u,C_0805_2012Metric,,smt
"C11, C12, C13, C14, C15, C8",6,22uF,C_0805_2012Metric,,smt
"C12, C15",2,1n,C_0603_1608Metric,,smt
"C16, C17",2,100n,C_0805_2012Metric,,smt
"C17, C18",2,27p,C_0603_1608Metric,,smt
"C3, C4, C5",3,0.1 u,C_0603_1608Metric,,smt
C7,1,10uF,CP_Radial_D5.0mm_P2.00mm,,tht
"C8, C9",2,22u,C_0603_1608Metric,,smt
C8,1,22uF,CP_Radial_D5.0mm_P2.00mm,,tht
"D1, D1, D2, D2, D3, D3, D4",7,LED,LED_0805_2012Metric,,smt
"H1, H2, H3",3,M3,MountingHole_3.2mm_M3,,tht
"H1, H1, H2, H2, H3, H3",6,MountingHole,MountingHole_3.2mm_M3,,tht
"J1, J5",2,Conn_01x03_Pin,JST_EH_B3B-EH-A_1x03_P2.50mm_Vertical,,tht
J1,1,Orientation,JST_EH_B4B-EH-A_1x04_P2.50mm_Vertical,,tht
"J1, J1, J2, J3",4,Conn_01x04_Pin,PinHeader_1x04_P2.54mm_Vertical,,tht
J1,1,Conn_01x08_Pin,PinHeader_1x08_P2.54mm_Vertical,,tht
"J1, J2",2,AVR-ISP-6,IDC-Header_2x03_P2.54mm_Vertical_SMD,,smt
J10,1,Shaft,JST_EH_B3B-EH-A_1x03_P2.50mm_Vertical,,tht
J11,1,Wind Speed,JST_EH_B4B-EH-A_1x04_P2.50mm_Vertical,,tht
J12,1,DHT,JST_EH_B3B-EH-A_1x03_P2.50mm_Vertical,,tht
J13,1,RPi,JST_EH_B4B-EH-A_1x04_P2.50mm_Vertical,,tht
"J14, J2",2,USB_C_Receptacle_USB2.0,USB_C_Receptacle_HRO_TYPE-C-31-M-12,,smt
J15,1,Control Board,JST_EH_B4B-EH-A_1x04_P2.50mm_Vertical,,tht
J2,1,PROG,JST_EH_B4B-EH-A_1x04_P2.50mm_Vertical,,tht
J2,1,LOAD1,PinHeader_1x04_P2.54mm_Vertical,,tht
"J3, J3",2,Conn_01x06_Pin,PinHeader_1x06_P2.54mm_Vertical,,tht
J3,1,SPI VIDEO,JST_EH_B6B-EH-A_1x06_P2.50mm_Vertical,,tht
J3,1,LOAD2,PinHeader_1x04_P2.54mm_Vertical,,tht
J4,1,Barometer,JST_EH_B4B-EH-A_1x04_P2.50mm_Vertical,,tht
J4,1,AVR-ISP-6,PinHeader_2x03_P2.54mm_Vertical_SMD,,smt
J4,1,SERVO1,JST_EH_B3B-EH-A_1x03_P2.50mm_Vertical,,tht
J5,1,Bluetooth,JST_EH_B4B-EH-A_1x04_P2.50mm_Vertical,,tht
J6,1,GPIO,PinHeader_2x06_P2.54mm_Vertical,,tht
J6,1,SERVO2,JST_EH_B3B-EH-A_1x03_P2.50mm_Vertical,,tht
J7,1,GPS,JST_EH_B4B-EH-A_1x04_P2.50mm_Vertical,,tht
J8,1,Wing Load,JST_EH_B3B-EH-A_1x03_P2.50mm_Vertical,,tht
J9,1,Radar,JST_EH_B4B-EH-A_1x04_P2.50mm_Vertical,,tht
JP1,1,BOOT0,PinHeader_1x03_P2.54mm_Vertical,,tht
L1,1,3.3uH,L_Taiyo-Yuden_NR-60xx,,smt
"Q1, Q1",2,MMS8550,SOT-23,,smt
"Q1, Q2, Q2, Q3",4,2N7002K,SOT-23,,smt
"R1, R15, R16, R17, R4, R5, R6",7,330,R_0603_1608Metric,,smt
"R1, R1, R1, R12, R13, R13, R14, R15, R16, R2, R2, R2, R3, R3, R3, R3, R4, R4, R5, R5, R5, R6, R8",23,10k,R_0603_1608Metric,,smt
"R1, R3",2,R_US,R_0603_1608Metric,,smt
"R10, R6, R7, R8, R8, R9, R9",7,100,R_0603_1608Metric,,smt
"R10, R11, R11, R12",4,22,R_0603_1608Metric,,smt
"R10, R9",2,5.1k,R_0603_1608Metric,,smt
R10,1,20k,R_0603_1608Metric,,smt
R11,1,8.2k,R_0603_1608Metric,,smt
"R12, R9",2,5.1K,R_0603_1608Metric,,smt
R14,1,54.9k,R_0603_1608Metric,,smt
R2,1,15k,R_0603_1608Metric,,smt
R2,1,5 k,R_0603_1608Metric,,smt
"R4, R6",2,10 k,R_0603_1608Metric,,smt
"R4, R7",2,5k,R_0603_1608Metric,,smt
R5,1,5.6 k,R_0603_1608Metric,,smt
"R7, R8",2,1k,R_0603_1608Metric,,smt
R7,1,100 ,R_0603_1608Metric,,smt
"SW1, SW1",2,Reset,SW_SPST_SKQG_WithStem,,smt
SW1,1,MCU_RST,SW_PUSH_6mm_H4.3mm,,tht
SW1,1,SW_DPST_x2,SW_SPST_SKQG_WithStem,,smt
SW2,1,Boot Mode,SW_SPST_SKQG_WithStem,,smt
U1,1,STM32F103C8Tx,LQFP-48_7x7mm_P0.5mm,,smt
"U1, U1, U2, U2, U2, U3, U3, U4, U4",9,~,HV120SM02C,,smt
"U1, U6",2,HX711,SOP-16_3.9x9.9mm_P1.27mm,,smt
"U1, U5",2,ATmega328P-A,TQFP-32_7x7mm_P0.8mm,,smt
U2,1,ATtiny85-20M,QFN-20-1EP_4x4mm_P0.5mm_EP2.6x2.6mm,,smt
"U2, U7",2,AZ1117-3.3,SOT-223-3_TabPin2,,smt
U3,1,HC-05,PinHeader_1x06_P2.54mm_Vertical,,tht
U4,1,TPS563208DDCR,TSOT-23-6,,smt
U5,1,W25Q128JVS,SOIC-8_5.23x5.23mm_P1.27mm,,smt
U5,1,AZ1117-5.0,SOT-223-3_TabPin2,,smt
U6,1,RP2040,QFN-56-1EP_7x7mm_P0.4mm_EP3.2x3.2mm,,smt
Y1,1,Resonator_Small,Resonator_SMD_Murata_CSTxExxV-3Pin_3.0x1.1mm,,smt
Y1,1,8MHz,Resonator_SMD-3Pin_7.2x3.0mm_HandSoldering,,smt
Y1,1,8MHz,Resonator_SMD_Murata_CSTxExxV-3Pin_3.0x1.1mm,,smt
Y1,1,Crystal,Crystal_SMD_HC49-SD(ABLS-12.000MHZ-B4-T),,smt
