﻿pos_x,pos_y,rotation,side,designator,mpn,pack,value,mount_type,place
135.9,-98.4,0.0,top,Battery1,,SolderWire-2sqmm_1x02_P7.8mm_D2mm_OD3.9mm,Conn_01x02_Socket,tht,True
140.4,-84.2,180.0,top,C1,,C_0805_2012Metric,22uF,smt,True
120.8,-87.4,0.0,top,C10,,C_0805_2012Metric,100nF,smt,True
120.8,-89.45,0.0,top,C11,,C_0805_2012Metric,10nF,smt,True
143.95,-84.2,180.0,top,C2,,C_0805_2012Metric,22uF,smt,True
120.6,-93.05,90.0,top,C3,,C_0805_2012Metric,22uF,smt,True
122.7,-93.05,90.0,top,C4,,C_0805_2012Metric,22uF,smt,True
124.8,-93.05,90.0,top,C5,,C_0805_2012Metric,22uF,smt,True
134.725,-94.9,0.0,top,C6,,C_0805_2012Metric,0.1uF,smt,True
141.05,-93.35,0.0,top,C7,,C_0805_2012Metric,0.1uF,smt,True
120.775,-83.35,0.0,top,C8,,C_0805_2012Metric,1uF,smt,True
120.775,-85.35,0.0,top,C9,,C_0805_2012Metric,100nF,smt,True
122.0,-67.8,0.0,top,HOLE1,,MountingHole_3.2mm_M3,MountingHole_3.2mm_M3,tht,False
142.0,-67.8,0.0,top,HOLE2,,MountingHole_3.2mm_M3,MountingHole_3.2mm_M3,tht,False
123.125,-76.4,-90.0,top,J1,,PinHeader_2x03_P2.54mm_Vertical_SMD,AVR-ISP-6,smt,True
135.5,-60.05,180.0,top,J2,,JST_XH_B7B-XH-A_1x07_P2.50mm_Vertical,Conn_01x07_Pin,tht,True
141.75,-61.4,90.0,top,J3,,JST_XH_B2B-XH-A_1x02_P2.50mm_Vertical,Conn_01x02_Pin,tht,True
121.55,-97.7,0.0,top,J4,,JST_XH_B4B-XH-A_1x04_P2.50mm_Vertical,Conn_01x04_Socket,tht,True
142.6,-88.8,-90.0,top,L1,,L_Taiyo-Yuden_NR-60xx,3.3uH,smt,True
141.4,-81.6,90.0,top,LED1,,LED_D4.0mm,LED1,tht,True
148.7,-98.4,90.0,top,P1,,JST_EH_B3B-EH-A_1x03_P2.50mm_Vertical,Conn_01x03_Pin,tht,True
148.7,-87.2,90.0,top,P2,,JST_EH_B3B-EH-A_1x03_P2.50mm_Vertical,Conn_01x03_Pin,tht,True
148.7,-76.0,90.0,top,P3,,JST_EH_B3B-EH-A_1x03_P2.50mm_Vertical,Conn_01x03_Pin,tht,True
148.7,-64.7,90.0,top,P4,,JST_EH_B3B-EH-A_1x03_P2.50mm_Vertical,Conn_01x03_Pin,tht,True
137.4,-76.6,-90.0,top,R1,,R_0603_1608Metric,10k,smt,True
139.8,-75.2,180.0,top,R2,,R_0603_1608Metric,420,smt,True
138.5,-91.925,-90.0,top,R3,,R_0603_1608Metric,10k,smt,True
136.9,-91.9,-90.0,top,R4,,R_0603_1608Metric,10k,smt,True
140.8,-95.15,180.0,top,R5,,R_0603_1608Metric,54.9k,smt,True
115.2,-93.4,-90.0,top,S1,,JST_EH_B3B-EH-A_1x03_P2.50mm_Vertical,Conn_01x03_Pin,tht,True
115.2,-82.2,-90.0,top,S2,,JST_EH_B3B-EH-A_1x03_P2.50mm_Vertical,Conn_01x03_Pin,tht,True
115.2,-71.0,-90.0,top,S3,,JST_EH_B3B-EH-A_1x03_P2.50mm_Vertical,Conn_01x03_Pin,tht,True
115.2,-59.8,-90.0,top,S4,,JST_EH_B3B-EH-A_1x03_P2.50mm_Vertical,Conn_01x03_Pin,tht,True
132.2,-76.75,0.0,top,SW1,,SW_SPST_SKQG_WithoutStem,SW_Push,smt,True
133.3625,-92.15,0.0,top,U1,,TSOT-23-6,~,smt,True
133.24,-85.0,0.0,top,U2,,TQFP-32_7x7mm_P0.8mm,ATmega328P-A,smt,True
125.75,-87.25,90.0,top,Y1,,Resonator_SMD_Murata_CSTxExxV-3Pin_3.0x1.1mm,16MHz,smt,True
