﻿designator,quantity,value,pack,mpn,mount_type
Battery1,1,Conn_01x02_Socket,SolderWire-2sqmm_1x02_P7.8mm_D2mm_OD3.9mm,,tht
"C1, C2, C3, C4, C5",5,22uF,C_0805_2012Metric,,smt
"C10, C9",2,100nF,C_0805_2012Metric,,smt
C11,1,10nF,C_0805_2012Metric,,smt
"C6, C7",2,0.1uF,C_0805_2012Metric,,smt
C8,1,1uF,C_0805_2012Metric,,smt
"HOLE1, HOLE2",2,MountingHole_3.2mm_M3,MountingHole_3.2mm_M3,,tht
J1,1,AVR-ISP-6,PinHeader_2x03_P2.54mm_Vertical_SMD,,smt
J2,1,Conn_01x07_Pin,JST_XH_B7B-XH-A_1x07_P2.50mm_Vertical,,tht
J3,1,Conn_01x02_Pin,JST_XH_B2B-XH-A_1x02_P2.50mm_Vertical,,tht
J4,1,Conn_01x04_Socket,JST_XH_B4B-XH-A_1x04_P2.50mm_Vertical,,tht
L1,1,3.3uH,L_Taiyo-Yuden_NR-60xx,,smt
LED1,1,LED1,LED_D4.0mm,,tht
"P1, P2, P3, P4, S1, S2, S3, S4",8,Conn_01x03_Pin,JST_EH_B3B-EH-A_1x03_P2.50mm_Vertical,,tht
"R1, R3, R4",3,10k,R_0603_1608Metric,,smt
R2,1,420,R_0603_1608Metric,,smt
R5,1,54.9k,R_0603_1608Metric,,smt
SW1,1,SW_Push,SW_SPST_SKQG_WithoutStem,,smt
U1,1,~,TSOT-23-6,,smt
U2,1,ATmega328P-A,TQFP-32_7x7mm_P0.8mm,,smt
Y1,1,16MHz,Resonator_SMD_Murata_CSTxExxV-3Pin_3.0x1.1mm,,smt
