﻿pos_x,pos_y,rotation,side,designator,mpn,pack,value,mount_type,place
146.7,-117.5,180.0,top,C1,,C_0603_1608Metric,10 nF,smt,True
157.7,-98.5,-90.0,top,C10,,C_0805_2012Metric,10uF,smt,True
158.95,-80.15,90.0,top,C11,,C_0603_1608Metric,1 uF,smt,True
137.9,-80.9,180.0,top,C12,,C_0805_2012Metric,10uF,smt,True
138.5,-77.1,90.0,top,C13,,C_0805_2012Metric,22uF,smt,True
159.2,-76.7,-90.0,top,C14,,C_0805_2012Metric,22 uF,smt,True
146.7,-115.95,180.0,top,C2,,C_0603_1608Metric,100 nF,smt,True
147.45,-92.6,180.0,top,C3,,C_0603_1608Metric,1 nF,smt,True
151.552,-92.531,0.0,top,C4,,C_0603_1608Metric,100 nF,smt,True
151.975,-101.85,-90.0,top,C5,,C_0603_1608Metric,0.1uF,smt,True
153.875,-102.1,-90.0,top,C6,,C_0805_2012Metric,10uF,smt,True
158.025,-102.2,-90.0,top,C7,,C_0603_1608Metric,0.1uF,smt,True
155.8,-98.5,-90.0,top,C8,,C_0603_1608Metric,0.1uF,smt,True
156.075,-102.2,-90.0,top,C9,,C_0805_2012Metric,10uF,smt,True
133.2,-78.5,0.0,top,H1,,MountingHole_3.2mm_M3_ISO14580,MountingHole,tht,False
133.2,-119.5,0.0,top,H2,,MountingHole_3.2mm_M3_ISO14580,MountingHole,tht,False
163.7,-78.5,0.0,top,H3,,MountingHole_3.2mm_M3_ISO14580,MountingHole,tht,False
163.7,-119.5,0.0,top,H4,,MountingHole_3.2mm_M3_ISO14580,MountingHole,tht,False
144.675,-99.0,180.0,top,J1,,PinHeader_2x03_P2.54mm_Vertical_SMD,AVR-ISP-6,smt,True
142.0,-121.0,90.0,top,J2,,PinHeader_1x06_P2.54mm_Vertical,Conn_01x06_Female,tht,True
133.7,-102.25,-90.0,top,J3,,JST_XA_B04B-XASK-1_1x04_P2.50mm_Vertical,Conn_01x04_Socket,tht,True
162.7,-94.2,90.0,top,J4,,AMASS_XT60-M_1x02_P7.20mm_Vertical,BATT,tht,True
133.7,-94.1,90.0,top,J5,,AMASS_XT60-F_1x02_P7.20mm_Vertical,VEH,tht,True
140.2,-105.5,-90.0,top,JP1,,SolderJumper-2_P1.3mm_Open_Pad1.0x1.5mm,Power Connect,tht,True
166.2,-107.025,-90.0,top,R1,,R_0603_1608Metric,10k,smt,True
153.575,-110.8,-90.0,top,R2,,R_0603_1608Metric,10k,smt,True
157.2,-88.0,-90.0,top,R3,,R_0603_1608Metric,30k,smt,True
157.2,-91.0,-90.0,top,R4,,R_0603_1608Metric,10k,smt,True
161.1,-109.85,0.0,top,S1,,SW_SPST_SKQG_WithStem,RST,smt,True
147.45,-109.5,90.0,top,U1,,TQFP-32_7x7mm_P0.8mm,ATmega328-A,smt,True
148.7,-88.0,-90.0,top,U2,,SOIC-8_3.9x4.9mm_P1.27mm,ACS712ELCTR-20A,smt,True
153.3,-98.5,180.0,top,U3,,QFN-12_EP_2x2_Pitch0.4mm,~,smt,True
144.25,-78.3,0.0,top,U4,,SOT-223-3_TabPin2,AZ1117-3.3,smt,True
153.55,-78.25,180.0,top,U5,,SOT-223-3_TabPin2,TS2940CW50,smt,True
150.7,-116.5,180.0,top,Y1,,Resonator_SMD_Murata_CSTxExxV-3Pin_3.0x1.1mm,8M,smt,True
