﻿designator,quantity,value,pack,mpn,mount_type
C1,1,10 nF,C_0603_1608Metric,,smt
"C10, C12, C6, C9",4,10uF,C_0805_2012Metric,,smt
C11,1,1 uF,C_0603_1608Metric,,smt
C13,1,22uF,C_0805_2012Metric,,smt
C14,1,22 uF,C_0805_2012Metric,,smt
"C2, C4",2,100 nF,C_0603_1608Metric,,smt
C3,1,1 nF,C_0603_1608Metric,,smt
"C5, C7, C8",3,0.1uF,C_0603_1608Metric,,smt
"H1, H2, H3, H4",4,MountingHole,MountingHole_3.2mm_M3_ISO14580,,tht
J1,1,AVR-ISP-6,PinHeader_2x03_P2.54mm_Vertical_SMD,,smt
J2,1,Conn_01x06_Female,PinHeader_1x06_P2.54mm_Vertical,,tht
J3,1,Conn_01x04_Socket,JST_XA_B04B-XASK-1_1x04_P2.50mm_Vertical,,tht
J4,1,BATT,AMASS_XT60-M_1x02_P7.20mm_Vertical,,tht
J5,1,VEH,AMASS_XT60-F_1x02_P7.20mm_Vertical,,tht
JP1,1,Power Connect,SolderJumper-2_P1.3mm_Open_Pad1.0x1.5mm,,tht
"R1, R2, R4",3,10k,R_0603_1608Metric,,smt
R3,1,30k,R_0603_1608Metric,,smt
S1,1,RST,SW_SPST_SKQG_WithStem,,smt
U1,1,ATmega328-A,TQFP-32_7x7mm_P0.8mm,,smt
U2,1,ACS712ELCTR-20A,SOIC-8_3.9x4.9mm_P1.27mm,,smt
U3,1,~,QFN-12_EP_2x2_Pitch0.4mm,,smt
U4,1,AZ1117-3.3,SOT-223-3_TabPin2,,smt
U5,1,TS2940CW50,SOT-223-3_TabPin2,,smt
Y1,1,8M,Resonator_SMD_Murata_CSTxExxV-3Pin_3.0x1.1mm,,smt
