﻿designator,quantity,value,pack,mpn,mount_type
C1,1,1u,C_0603_1608Metric,,smt
C2,1,10n,C_0603_1608Metric,,smt
"C3, C4, C5, C6",4,100n,C_0603_1608Metric,,smt
C7,1,10uF,CP_Radial_D5.0mm_P2.00mm,,tht
C8,1,22uF,CP_Radial_D5.0mm_P2.00mm,,tht
"D1, D2, D3, D4",4,LED,LED_0805_2012Metric,,smt
"H1, H2, H3",3,M3,MountingHole_3.2mm_M3,,tht
J1,1,Orientation,JST_EH_B4B-EH-A_1x04_P2.50mm_Vertical,,tht
J10,1,Shaft,JST_EH_B3B-EH-A_1x03_P2.50mm_Vertical,,tht
J11,1,Wind Speed,JST_EH_B4B-EH-A_1x04_P2.50mm_Vertical,,tht
J12,1,DHT,JST_EH_B3B-EH-A_1x03_P2.50mm_Vertical,,tht
J13,1,RPi,JST_EH_B4B-EH-A_1x04_P2.50mm_Vertical,,tht
J14,1,USB_C_Receptacle_USB2.0,USB_C_Receptacle_HRO_TYPE-C-31-M-12,,smt
J15,1,Control Board,JST_EH_B4B-EH-A_1x04_P2.50mm_Vertical,,tht
J2,1,PROG,JST_EH_B4B-EH-A_1x04_P2.50mm_Vertical,,tht
J3,1,SPI VIDEO,JST_EH_B6B-EH-A_1x06_P2.50mm_Vertical,,tht
J4,1,Barometer,JST_EH_B4B-EH-A_1x04_P2.50mm_Vertical,,tht
J5,1,Bluetooth,JST_EH_B4B-EH-A_1x04_P2.50mm_Vertical,,tht
J6,1,GPIO,PinHeader_2x06_P2.54mm_Vertical,,tht
J7,1,GPS,JST_EH_B4B-EH-A_1x04_P2.50mm_Vertical,,tht
J8,1,Wing Load,JST_EH_B3B-EH-A_1x03_P2.50mm_Vertical,,tht
J9,1,Radar,JST_EH_B4B-EH-A_1x04_P2.50mm_Vertical,,tht
JP1,1,BOOT0,PinHeader_1x03_P2.54mm_Vertical,,tht
"Q1, Q2, Q3",3,2N7002K,SOT-23,,smt
"R1, R4, R5, R6",4,330,R_0603_1608Metric,,smt
"R10, R11",2,22,R_0603_1608Metric,,smt
"R12, R9",2,5.1K,R_0603_1608Metric,,smt
"R13, R14, R15, R16, R2, R3, R8",7,10k,R_0603_1608Metric,,smt
R7,1,5k,R_0603_1608Metric,,smt
SW1,1,MCU_RST,SW_PUSH_6mm_H4.3mm,,tht
U1,1,STM32F103C8Tx,LQFP-48_7x7mm_P0.5mm,,smt
U2,1,AZ1117-3.3,SOT-223-3_TabPin2,,smt
Y1,1,8MHz,Resonator_SMD_Murata_CSTxExxV-3Pin_3.0x1.1mm,,smt
