﻿pos_x,pos_y,rotation,side,designator,mpn,pack,value,mount_type,place
133.604,-70.2056,-90.0,top,C1,,C_0603_1608Metric,1u,smt,True
139.3675,-79.6036,-90.0,top,C2,,C_0603_1608Metric,10n,smt,True
141.1455,-80.518,-90.0,top,C3,,C_0603_1608Metric,100n,smt,True
153.8963,-81.2292,90.0,top,C4,,C_0603_1608Metric,100n,smt,True
145.0571,-69.2912,180.0,top,C5,,C_0603_1608Metric,100n,smt,True
153.5915,-71.2216,90.0,top,C6,,C_0603_1608Metric,100n,smt,True
137.1323,-94.8436,180.0,top,C7,,CP_Radial_D5.0mm_P2.00mm,10uF,tht,True
149.0195,-94.3356,0.0,top,C8,,CP_Radial_D5.0mm_P2.00mm,22uF,tht,True
134.0843,-86.9188,0.0,top,D1,,LED_0805_2012Metric,LED,smt,True
139.9032,-86.8172,0.0,top,D2,,LED_0805_2012Metric,LED,smt,True
150.9499,-86.8172,180.0,top,D3,,LED_0805_2012Metric,LED,smt,True
145.6667,-86.868,0.0,top,D4,,LED_0805_2012Metric,LED,smt,True
153.6931,-63.3984,0.0,top,H1,,MountingHole_3.2mm_M3,M3,tht,True
132.5603,-63.9064,0.0,top,H2,,MountingHole_3.2mm_M3,M3,tht,True
143.0251,-105.2576,0.0,top,H3,,MountingHole_3.2mm_M3,M3,tht,True
131.0871,-56.3372,90.0,top,J1,,JST_EH_B4B-EH-A_1x04_P2.50mm_Vertical,Orientation,tht,True
127.6835,-92.5684,90.0,top,J10,,JST_EH_B3B-EH-A_1x03_P2.50mm_Vertical,Shaft,tht,True
154.4551,-107.2896,90.0,top,J11,,JST_EH_B4B-EH-A_1x04_P2.50mm_Vertical,Wind Speed,tht,True
157.5539,-92.6592,90.0,top,J12,,JST_EH_B3B-EH-A_1x03_P2.50mm_Vertical,DHT,tht,True
134.0843,-121.5968,90.0,top,J13,,JST_EH_B4B-EH-A_1x04_P2.50mm_Vertical,RPi,tht,True
143.1775,-128.0668,0.0,top,J14,,USB_C_Receptacle_HRO_TYPE-C-31-M-12,USB_C_Receptacle_USB2.0,smt,True
151.2547,-121.7492,90.0,top,J15,,JST_EH_B4B-EH-A_1x04_P2.50mm_Vertical,Control Board,tht,True
124.6863,-63.0644,90.0,top,J2,,JST_EH_B4B-EH-A_1x04_P2.50mm_Vertical,PROG,tht,True
138.7856,-59.9872,90.0,top,J3,,JST_EH_B6B-EH-A_1x06_P2.50mm_Vertical,SPI VIDEO,tht,True
154.2519,-55.84,90.0,top,J4,,JST_EH_B4B-EH-A_1x04_P2.50mm_Vertical,Barometer,tht,True
160.3987,-62.5964,90.0,top,J5,,JST_EH_B4B-EH-A_1x04_P2.50mm_Vertical,Bluetooth,tht,True
148.5115,-59.4868,180.0,top,J6,,PinHeader_2x06_P2.54mm_Vertical,GPIO,tht,True
127.3279,-70.1732,-90.0,top,J7,,JST_EH_B4B-EH-A_1x04_P2.50mm_Vertical,GPS,tht,True
158.6715,-70.224,-90.0,top,J8,,JST_EH_B3B-EH-A_1x03_P2.50mm_Vertical,Wing Load,tht,True
130.7315,-107.0972,90.0,top,J9,,JST_EH_B4B-EH-A_1x04_P2.50mm_Vertical,Radar,tht,True
145.4485,-65.786,-90.0,top,JP1,,PinHeader_1x03_P2.54mm_Vertical,BOOT0,tht,True
149.2504,-102.4636,0.0,top,Q1,,SOT-23,2N7002K,smt,True
157.1475,-115.2652,180.0,top,Q2,,SOT-23,2N7002K,smt,True
126.0625,-82.6008,0.0,top,Q3,,SOT-23,2N7002K,smt,True
133.9319,-84.4296,0.0,top,R1,,R_0603_1608Metric,330,smt,True
136.9169,-108.5596,0.0,top,R10,,R_0603_1608Metric,22,smt,True
145.6667,-110.7948,0.0,top,R11,,R_0603_1608Metric,22,smt,True
140.6375,-110.8964,0.0,top,R12,,R_0603_1608Metric,5.1K,smt,True
126.3782,-98.1456,0.0,top,R13,,R_0603_1608Metric,10k,smt,True
157.5308,-111.8616,0.0,top,R14,,R_0603_1608Metric,10k,smt,True
160.528,-99.822,90.0,top,R15,,R_0603_1608Metric,10k,smt,True
150.0632,-108.6612,0.0,top,R16,,R_0603_1608Metric,10k,smt,True
133.1468,-77.9272,90.0,top,R2,,R_0603_1608Metric,10k,smt,True
136.8783,-81.3816,180.0,top,R3,,R_0603_1608Metric,10k,smt,True
145.5651,-84.582,0.0,top,R4,,R_0603_1608Metric,330,smt,True
151.0515,-84.328,180.0,top,R5,,R_0603_1608Metric,330,smt,True
139.8247,-84.6328,0.0,top,R6,,R_0603_1608Metric,330,smt,True
150.9499,-68.4276,0.0,top,R7,,R_0603_1608Metric,5k,smt,True
140.4742,-71.4248,0.0,top,R8,,R_0603_1608Metric,10k,smt,True
136.7645,-105.3592,0.0,top,R9,,R_0603_1608Metric,5.1K,smt,True
139.9795,-114.9308,0.0,top,SW1,,SW_PUSH_6mm_H4.3mm,MCU_RST,tht,True
147.651,-75.8136,0.0,top,U1,,LQFP-48_7x7mm_P0.5mm,STM32F103C8Tx,smt,True
143.0251,-95.6056,-90.0,top,U2,,SOT-223-3_TabPin2,AZ1117-3.3,smt,True
139.8524,-75.0632,-90.0,top,Y1,,Resonator_SMD_Murata_CSTxExxV-3Pin_3.0x1.1mm,8MHz,smt,True
