﻿pos_x,pos_y,rotation,side,designator,mpn,pack,value,mount_type,place
129.62,-89.15,-90.0,top,C1,,C_0603_1608Metric,100n,smt,True
149.205,-115.05,0.0,top,C12,,C_0603_1608Metric,1n,smt,True
137.1675,-114.3325,-90.0,top,C14,,C_0603_1608Metric,100n,smt,True
149.205,-113.55,0.0,top,C15,,C_0603_1608Metric,1n,smt,True
166.98,-107.799647,0.0,top,C16,,C_0603_1608Metric,100n,smt,True
123.76,-113.695,90.0,top,C17,,C_0603_1608Metric,27p,smt,True
125.27,-113.695,90.0,top,C18,,C_0603_1608Metric,27p,smt,True
146.34,-88.9,-90.0,top,C2,,C_0603_1608Metric,100n,smt,True
163.08,-88.925,-90.0,top,C3,,C_0603_1608Metric,100n,smt,True
179.88,-88.9,-90.0,top,C4,,C_0603_1608Metric,100n,smt,True
149.205,-116.55,0.0,top,C5,,C_0603_1608Metric,100n,smt,True
149.205,-112.05,0.0,top,C6,,C_0603_1608Metric,100n,smt,True
145.705,-107.5825,0.0,top,C7,,C_0603_1608Metric,100n,smt,True
156.08,-117.759647,0.0,top,C8,,C_0603_1608Metric,22u,smt,True
156.08,-119.259647,0.0,top,C9,,C_0603_1608Metric,22u,smt,True
102.0,-101.25,0.0,top,H1,,MountingHole_3.2mm_M3,MountingHole,tht,True
145.0,-73.25,0.0,top,H2,,MountingHole_3.2mm_M3,MountingHole,tht,True
189.0,-101.25,0.0,top,H3,,MountingHole_3.2mm_M3,MountingHole,tht,True
131.005,-117.699647,-90.0,top,J1,,PinHeader_1x04_P2.54mm_Vertical,Conn_01x04_Pin,tht,True
176.68,-123.115,0.0,top,J2,,USB_C_Receptacle_HRO_TYPE-C-31-M-12,USB_C_Receptacle_USB2.0,smt,True
131.005,-122.81,-90.0,top,J3,,PinHeader_1x06_P2.54mm_Vertical,Conn_01x06_Pin,tht,True
145.94,-122.48,180.0,top,J5,,JST_EH_B3B-EH-A_1x03_P2.50mm_Vertical,Conn_01x03_Pin,tht,True
173.005,-110.124647,-90.0,top,R1,,R_0603_1608Metric,10k,smt,True
156.08,-122.269647,0.0,top,R10,,R_0603_1608Metric,5.1k,smt,True
156.08,-125.289647,180.0,top,R11,,R_0603_1608Metric,22,smt,True
156.08,-123.779647,180.0,top,R12,,R_0603_1608Metric,22,smt,True
174.525,-110.124647,-90.0,top,R2,,R_0603_1608Metric,10k,smt,True
176.045,-110.124647,-90.0,top,R3,,R_0603_1608Metric,10k,smt,True
177.565,-110.124647,-90.0,top,R4,,R_0603_1608Metric,10k,smt,True
179.085,-110.124647,-90.0,top,R5,,R_0603_1608Metric,10k,smt,True
158.355,-110.859647,-90.0,top,R6,,R_0603_1608Metric,10k,smt,True
158.355,-114.034647,-90.0,top,R7,,R_0603_1608Metric,1k,smt,True
120.88,-113.695,-90.0,top,R8,,R_0603_1608Metric,1k,smt,True
156.08,-120.759647,0.0,top,R9,,R_0603_1608Metric,5.1k,smt,True
111.905,-112.149647,180.0,top,SW1,,SW_SPST_SKQG_WithStem,Reset,smt,True
111.905,-120.149647,180.0,top,SW2,,SW_SPST_SKQG_WithStem,Boot Mode,smt,True
121.28,-94.04,90.0,top,U1,,HV120SM02C,~,smt,False
137.96,-94.04,90.0,top,U2,,HV120SM02C,~,smt,False
154.71,-94.04,90.0,top,U3,,HV120SM02C,~,smt,False
171.48,-94.04,90.0,top,U4,,HV120SM02C,~,smt,False
164.005,-111.799647,0.0,top,U5,,SOIC-8_5.23x5.23mm_P1.27mm,W25Q128JVS,smt,True
142.78,-112.9125,-90.0,top,U6,,QFN-56-1EP_7x7mm_P0.4mm_EP3.2x3.2mm,RP2040,smt,True
165.0,-120.3,0.0,top,U7,,SOT-223-3_TabPin2,AZ1117-3.3,smt,True
124.53,-109.45,0.0,top,Y1,,Crystal_SMD_HC49-SD(ABLS-12.000MHZ-B4-T),Crystal,smt,True
