﻿designator,quantity,value,pack,mpn,mount_type
"C1, C14, C16, C2, C3, C4, C5, C6, C7",9,100n,C_0603_1608Metric,,smt
"C12, C15",2,1n,C_0603_1608Metric,,smt
"C17, C18",2,27p,C_0603_1608Metric,,smt
"C8, C9",2,22u,C_0603_1608Metric,,smt
"H1, H2, H3",3,MountingHole,MountingHole_3.2mm_M3,,tht
J1,1,Conn_01x04_Pin,PinHeader_1x04_P2.54mm_Vertical,,tht
J2,1,USB_C_Receptacle_USB2.0,USB_C_Receptacle_HRO_TYPE-C-31-M-12,,smt
J3,1,Conn_01x06_Pin,PinHeader_1x06_P2.54mm_Vertical,,tht
J5,1,Conn_01x03_Pin,JST_EH_B3B-EH-A_1x03_P2.50mm_Vertical,,tht
"R1, R2, R3, R4, R5, R6",6,10k,R_0603_1608Metric,,smt
"R10, R9",2,5.1k,R_0603_1608Metric,,smt
"R11, R12",2,22,R_0603_1608Metric,,smt
"R7, R8",2,1k,R_0603_1608Metric,,smt
SW1,1,Reset,SW_SPST_SKQG_WithStem,,smt
SW2,1,Boot Mode,SW_SPST_SKQG_WithStem,,smt
"U1, U2, U3, U4",4,~,HV120SM02C,,smt
U5,1,W25Q128JVS,SOIC-8_5.23x5.23mm_P1.27mm,,smt
U6,1,RP2040,QFN-56-1EP_7x7mm_P0.4mm_EP3.2x3.2mm,,smt
U7,1,AZ1117-3.3,SOT-223-3_TabPin2,,smt
Y1,1,Crystal,Crystal_SMD_HC49-SD(ABLS-12.000MHZ-B4-T),,smt
