﻿designator,quantity,value,pack,mpn,mount_type
"C1, C2",2,10 u,C_0603_1608Metric,,smt
"C3, C4, C5",3,0.1 u,C_0603_1608Metric,,smt
J1,1,Conn_01x03_Pin,JST_EH_B3B-EH-A_1x03_P2.50mm_Vertical,,tht
"J2, J3",2,Conn_01x04_Pin,PinHeader_1x04_P2.54mm_Vertical,,tht
J4,1,AVR-ISP-6,PinHeader_2x03_P2.54mm_Vertical_SMD,,smt
Q1,1,MMS8550,SOT-23,,smt
Q2,1,2N7002K,SOT-23,,smt
"R1, R3",2,R_US,R_0603_1608Metric,,smt
"R10, R8, R9",3,100,R_0603_1608Metric,,smt
R2,1,5 k,R_0603_1608Metric,,smt
"R4, R6",2,10 k,R_0603_1608Metric,,smt
R5,1,5.6 k,R_0603_1608Metric,,smt
R7,1,100 ,R_0603_1608Metric,,smt
SW1,1,SW_DPST_x2,SW_SPST_SKQG_WithStem,,smt
U1,1,HX711,SOP-16_3.9x9.9mm_P1.27mm,,smt
U2,1,ATtiny85-20M,QFN-20-1EP_4x4mm_P0.5mm_EP2.6x2.6mm,,smt
