﻿pos_x,pos_y,rotation,side,designator,mpn,pack,value,mount_type,place
131.0,-139.378,90.0,top,C1,,C_0603_1608Metric,10 u,smt,True
127.5,-142.5,180.0,top,C2,,C_0603_1608Metric,10 u,smt,True
131.0,-147.628,90.0,top,C3,,C_0603_1608Metric,0.1 u,smt,True
123.28,-144.0,-90.0,top,C4,,C_0603_1608Metric,0.1 u,smt,True
126.0,-151.74,0.0,top,C5,,C_0603_1608Metric,0.1 u,smt,True
155.5,-140.75,-90.0,top,J1,,JST_EH_B3B-EH-A_1x03_P2.50mm_Vertical,Conn_01x03_Pin,tht,True
120.5,-140.2,0.0,top,J2,,PinHeader_1x04_P2.54mm_Vertical,Conn_01x04_Pin,tht,True
122.2,-154.5,90.0,top,J3,,PinHeader_1x04_P2.54mm_Vertical,Conn_01x04_Pin,tht,True
138.0,-154.5,0.0,top,J4,,PinHeader_2x03_P2.54mm_Vertical_SMD,AVR-ISP-6,smt,True
128.0,-139.878,180.0,top,Q1,,SOT-23,MMS8550,smt,True
150.784,-147.32,-90.0,top,Q2,,SOT-23,2N7002K,smt,True
143.764,-140.208,-90.0,top,R1,,R_0603_1608Metric,R_US,smt,True
122.5,-151.74,180.0,top,R10,,R_0603_1608Metric,100,smt,True
149.326,-140.208,-90.0,top,R2,,R_0603_1608Metric,5 k,smt,True
146.304,-140.208,90.0,top,R3,,R_0603_1608Metric,R_US,smt,True
131.0,-143.5,-90.0,top,R4,,R_0603_1608Metric,10 k,smt,True
127.5,-144.5,180.0,top,R5,,R_0603_1608Metric,5.6 k,smt,True
155.675,-150.5,180.0,top,R6,,R_0603_1608Metric,10 k,smt,True
123.28,-147.24,-90.0,top,R7,,R_0603_1608Metric,100 ,smt,True
123.28,-140.74,90.0,top,R8,,R_0603_1608Metric,100,smt,True
129.5,-151.74,0.0,top,R9,,R_0603_1608Metric,100,smt,True
149.5,-154.0,0.0,top,SW1,,SW_SPST_SKQG_WithStem,SW_DPST_x2,smt,True
135.596,-144.825,0.0,top,U1,,SOP-16_3.9x9.9mm_P1.27mm,HX711,smt,True
144.78,-147.427,90.0,top,U2,,QFN-20-1EP_4x4mm_P0.5mm_EP2.6x2.6mm,ATtiny85-20M,smt,True
