﻿pos_x,pos_y,rotation,side,designator,mpn,pack,value,mount_type,place
124.025,-52.535,-90.0,top,BZ1,,Buzzer_12x9.5RM7.6,Buzzer,tht,True
115.0725,-140.25,0.0,top,Battery1,,SolderWire-2sqmm_1x02_P7.8mm_D2mm_OD3.9mm,Conn_01x02_Socket,tht,True
233.7844,-87.4738,180.0,top,C1,,C_0603_1608Metric,0.1uF,smt,True
119.5725,-126.05,180.0,top,C1,,C_0805_2012Metric,22uF,smt,True
112.45,-185.65,90.0,top,C1,,C_0805_2012Metric,22uF,smt,True
222.5706,-82.597,180.0,top,C10,,C_0603_1608Metric,0.1uF,smt,True
99.9725,-129.25,0.0,top,C10,,C_0805_2012Metric,100nF,smt,True
219.3572,-90.3186,0.0,top,C11,,C_0603_1608Metric,10uF,smt,True
99.9725,-131.3,0.0,top,C11,,C_0805_2012Metric,10nF,smt,True
265.1788,-91.3346,180.0,top,C12,,C_0603_1608Metric,0.1uF,smt,True
260.7084,-85.2386,180.0,top,C13,,C_0603_1608Metric,10uF,smt,True
214.074,-132.5334,0.0,top,C14,,C_0603_1608Metric,0.1uF,smt,True
216.2454,-137.3594,0.0,top,C15,,C_0603_1608Metric,10uF,smt,True
255.3744,-139.1374,180.0,top,C16,,C_0603_1608Metric,100n,smt,True
262.334,-128.063,180.0,top,C17,,C_0603_1608Metric,100n,smt,True
270.5636,-124.3546,0.0,top,C18,,C_0603_1608Metric,100n,smt,True
265.89,-144.4844,-90.0,top,C19,,C_0603_1608Metric,100n,smt,True
223.9292,-90.2678,180.0,top,C2,,C_0603_1608Metric,0.1uF,smt,True
123.1225,-126.05,180.0,top,C2,,C_0805_2012Metric,22uF,smt,True
114.45,-185.65,90.0,top,C2,,C_0805_2012Metric,22uF,smt,True
229.2254,-149.7038,0.0,top,C20,,C_0603_1608Metric,10uF,smt,True
227.9424,-145.335,0.0,top,C21,,C_0603_1608Metric,22uF,smt,True
276.3548,-93.252,-90.0,top,C3,,C_0603_1608Metric,0.1uF,smt,True
116.45,-185.65,90.0,top,C3,,C_0805_2012Metric,22uF,smt,True
99.7725,-134.9,90.0,top,C3,,C_0805_2012Metric,22uF,smt,True
111.65,-179.5,90.0,top,C4,,C_0805_2012Metric,0.1uF,smt,True
101.8725,-134.9,90.0,top,C4,,C_0805_2012Metric,22uF,smt,True
264.2644,-96.5162,90.0,top,C4,,C_0603_1608Metric,0.1uF,smt,True
213.312,-123.8974,180.0,top,C5,,C_0603_1608Metric,0.1uF,smt,True
103.9725,-134.9,90.0,top,C5,,C_0805_2012Metric,22uF,smt,True
228.6536,-138.4262,90.0,top,C6,,C_0603_1608Metric,0.1uF,smt,True
113.8975,-136.75,0.0,top,C6,,C_0805_2012Metric,0.1uF,smt,True
120.2225,-135.2,0.0,top,C7,,C_0805_2012Metric,0.1uF,smt,True
106.25,-186.15,-90.0,top,C7,,C_0805_2012Metric,0.1uF,smt,True
235.0544,-74.3166,-90.0,top,C7,,C_0603_1608Metric,10uF,smt,True
99.9475,-125.2,0.0,top,C8,,C_0805_2012Metric,1uF,smt,True
104.25,-186.15,90.0,top,C8,,C_0805_2012Metric,22uF,smt,True
257.9652,-81.0222,0.0,top,C8,,C_0603_1608Metric,10uF,smt,True
101.75,-186.15,90.0,top,C9,,C_0805_2012Metric,22uF,smt,True
219.9668,-140.3058,0.0,top,C9,,C_0603_1608Metric,10uF,smt,True
99.9475,-127.2,0.0,top,C9,,C_0805_2012Metric,100nF,smt,True
243.1824,-82.2414,0.0,top,H1,,MountingHole_3.2mm_M3_ISO7380,MountingHole,tht,True
206.6572,-115.3122,0.0,top,H2,,MountingHole_3.2mm_M3_ISO7380,MountingHole,tht,True
279.1996,-113.331,0.0,top,H3,,MountingHole_3.2mm_M3_ISO7380,MountingHole,tht,True
94.025,-45.935,0.0,top,HOLE1,,MountingHole_3.2mm_M3,MountingHole_3.2mm_M3,tht,False
101.1725,-109.65,0.0,top,HOLE1,,MountingHole_3.2mm_M3,MountingHole_3.2mm_M3,tht,False
129.025,-45.935,0.0,top,HOLE2,,MountingHole_3.2mm_M3,MountingHole_3.2mm_M3,tht,False
121.1725,-109.65,0.0,top,HOLE2,,MountingHole_3.2mm_M3,MountingHole_3.2mm_M3,tht,False
129.025,-73.935,0.0,top,HOLE3,,MountingHole_3.2mm_M3,MountingHole_3.2mm_M3,tht,False
114.75,-180.75,90.0,top,J1,,JST_EH_B3B-EH-A_1x03_P2.50mm_Vertical,Conn_01x03_Socket,tht,True
104.125,-45.135,0.0,top,J1,,JST_XH_B7B-XH-A_1x07_P2.50mm_Vertical,Conn_01x07_Pin,tht,True
237.988,-95.5642,90.0,top,J1,,PinHeader_1x04_P2.54mm_Vertical,Load Cell 1,tht,True
102.2975,-118.25,-90.0,top,J1,,PinHeader_2x03_P2.54mm_Vertical_SMD,AVR-ISP-6,smt,True
235.4044,-161.4986,0.0,top,J10,,USB_C_Receptacle_HRO_TYPE-C-31-M-12,USB_C_Receptacle_USB2.0,smt,True
268.055644,-155.481699,-65.0,top,J11,,PinHeader_1x05_P2.54mm_Vertical,Conn_01x05_Pin,tht,True
114.6725,-101.9,180.0,top,J2,,JST_XH_B7B-XH-A_1x07_P2.50mm_Vertical,Conn_01x07_Pin,tht,True
238.4352,-140.3698,90.0,top,J2,,PinHeader_1x04_P2.54mm_Vertical,Load Cell 2,tht,True
228.514502,-98.982498,-45.0,top,J3,,PinHeader_1x04_P2.54mm_Vertical,Load Cell 5,tht,True
120.9225,-103.25,90.0,top,J3,,JST_XH_B2B-XH-A_1x02_P2.50mm_Vertical,Conn_01x02_Pin,tht,True
100.7225,-139.55,0.0,top,J4,,JST_XH_B4B-XH-A_1x04_P2.50mm_Vertical,Conn_01x04_Socket,tht,True
254.848994,-98.211194,45.0,top,J4,,PinHeader_1x04_P2.54mm_Vertical,Load Cell 6,tht,True
220.198,-114.0046,0.0,top,J5,,PinHeader_1x04_P2.54mm_Vertical,Load Cell 3,tht,True
264.7496,-113.4558,0.0,top,J6,,PinHeader_1x04_P2.54mm_Vertical,Load Cell 4,tht,True
253.2816,-161.6864,-90.0,top,J7,,PinHeader_1x04_P2.54mm_Horizontal,Conn_01x04_Male,tht,True
280.234657,-141.732941,-40.0,top,J8,,PinHeader_1x05_P2.54mm_Horizontal,Conn_01x05_Pin,tht,True
285.7238,-122.7014,0.0,top,J9,,PinHeader_1x04_P2.54mm_Horizontal,Conn_01x04_Male,tht,True
274.798,-129.5693,0.0,top,JP1,,SolderJumper-3_P2.0mm_Open_TrianglePad1.0x1.5mm,Jumper_3_Open,tht,True
121.7725,-130.65,-90.0,top,L1,,L_Taiyo-Yuden_NR-60xx,3.3uH,smt,True
104.1,-181.1,0.0,top,L1,,L_Taiyo-Yuden_NR-60xx,3.3uH,smt,True
94.325,-54.01,90.0,top,LED1,,LED_D4.0mm,LED2,tht,True
120.5725,-123.45,90.0,top,LED1,,LED_D4.0mm,LED1,tht,True
94.325,-67.41,90.0,top,LED2,,LED_D4.0mm,LED3,tht,True
100.875,-54.01,90.0,top,LED3,,LED_D4.0mm,LED4,tht,True
100.875,-67.41,90.0,top,LED4,,LED_D4.0mm,LED5,tht,True
107.425,-54.01,90.0,top,LED5,,LED_D4.0mm,LED6,tht,True
107.425,-67.41,90.0,top,LED6,,LED_D4.0mm,LED7,tht,True
113.975,-53.99,90.0,top,LED7,,LED_D4.0mm,LED8,tht,True
113.975,-67.41,90.0,top,LED8,,LED_D4.0mm,LED9,tht,True
127.8725,-140.25,90.0,top,P1,,JST_EH_B3B-EH-A_1x03_P2.50mm_Vertical,Conn_01x03_Pin,tht,True
127.8725,-129.05,90.0,top,P2,,JST_EH_B3B-EH-A_1x03_P2.50mm_Vertical,Conn_01x03_Pin,tht,True
127.8725,-117.85,90.0,top,P3,,JST_EH_B3B-EH-A_1x03_P2.50mm_Vertical,Conn_01x03_Pin,tht,True
127.8725,-106.55,90.0,top,P4,,JST_EH_B3B-EH-A_1x03_P2.50mm_Vertical,Conn_01x03_Pin,tht,True
209.2249,-90.0646,0.0,top,Q1,,SOT-23,MMS8550,smt,True
102.8625,-179.025,0.0,bottom,Q1,,SOT-23,2N7002K,smt,True
263.2207,-81.4286,180.0,top,Q2,,SOT-23,MMS8550,smt,True
107.7,-182.8875,-90.0,bottom,Q2,,SOT-23,2N7002K,smt,True
200.3121,-126.603,0.0,top,Q3,,SOT-23,MMS8550,smt,True
247.3757,-146.7574,0.0,top,Q4,,SOT-23,2N7002,smt,True
242.7021,-148.9926,0.0,top,Q5,,SOT-23,2N7002,smt,True
247.7313,-151.7866,0.0,top,Q6,,SOT-23,2N7002,smt,True
243.3625,-153.3106,0.0,top,Q7,,SOT-23,2N7002,smt,True
248.5441,-156.4094,0.0,top,Q8,,SOT-23,2N7002,smt,True
94.4,-56.335,0.0,top,R1,,R_0603_1608Metric,300,smt,True
116.5725,-118.45,-90.0,top,R1,,R_0603_1608Metric,10k,smt,True
238.3564,-90.5726,0.0,top,R1,,R_0603_1608Metric,100,smt,True
109.85,-178.975,-90.0,top,R1,,R_0603_1608Metric,54.9k,smt,True
214.5312,-112.2642,180.0,top,R10,,R_0603_1608Metric,100,smt,True
232.108,-141.1186,180.0,top,R11,,R_0603_1608Metric,100,smt,True
232.0572,-136.8514,180.0,top,R12,,R_0603_1608Metric,100,smt,True
219.7128,-80.2602,180.0,top,R13,,R_0603_1608Metric,8.2k,smt,True
217.122,-87.0166,0.0,top,R14,,R_0603_1608Metric,20k,smt,True
260.556,-93.7608,-90.0,top,R15,,R_0603_1608Metric,8.2k,smt,True
259.7432,-90.0138,0.0,top,R16,,R_0603_1608Metric,20k,smt,True
217.4776,-134.5146,90.0,top,R17,,R_0603_1608Metric,8.2k,smt,True
214.9376,-140.763,180.0,top,R18,,R_0603_1608Metric,20k,smt,True
270.9192,-139.3914,90.0,top,R19,,R_0603_1608Metric,10k,smt,True
118.9725,-117.05,180.0,top,R2,,R_0603_1608Metric,420,smt,True
109.55,-186.45,0.0,top,R2,,R_0603_1608Metric,10k,smt,True
233.7844,-91.995,180.0,top,R2,,R_0603_1608Metric,100,smt,True
94.425,-69.75,0.0,top,R2,,R_0603_1608Metric,300,smt,True
269.5862,-128.5202,0.0,top,R20,,R_0603_1608Metric,10k,smt,True
232.1588,-146.4018,180.0,top,R21,,R_0603_1608Metric,22,smt,True
236.5276,-149.145,180.0,top,R22,,R_0603_1608Metric,22,smt,True
231.2322,-153.463,0.0,top,R23,,R_0603_1608Metric,5.1K,smt,True
237.2266,-153.5646,180.0,top,R24,,R_0603_1608Metric,5.1K,smt,True
280.8252,-101.393,-90.0,top,R25,,R_0603_1608Metric,10k,smt,True
277.2692,-101.456,-90.0,top,R26,,R_0603_1608Metric,10k,smt,True
273.9164,-101.5962,-90.0,top,R27,,R_0603_1608Metric,10k,smt,True
270.6652,-101.647,-90.0,top,R28,,R_0603_1608Metric,10k,smt,True
267.7188,-101.6856,-90.0,top,R29,,R_0603_1608Metric,10k,smt,True
108.35,-178.975,90.0,top,R3,,R_0603_1608Metric,10k,smt,True
100.8,-56.335,0.0,top,R3,,R_0603_1608Metric,300,smt,True
223.218,-95.7034,90.0,top,R3,,R_0603_1608Metric,100,smt,True
117.6725,-133.775,-90.0,top,R3,,R_0603_1608Metric,10k,smt,True
226.6216,-94.8906,180.0,top,R4,,R_0603_1608Metric,100,smt,True
100.8,-69.75,0.0,top,R4,,R_0603_1608Metric,300,smt,True
116.0725,-133.75,-90.0,top,R4,,R_0603_1608Metric,10k,smt,True
106.25,-178.85,-90.0,bottom,R4,,R_0603_1608Metric,420,smt,True
119.9725,-137.0,180.0,top,R5,,R_0603_1608Metric,54.9k,smt,True
266.398,-107.489,90.0,top,R5,,R_0603_1608Metric,100,smt,True
107.4,-56.335,0.0,top,R5,,R_0603_1608Metric,300,smt,True
102.65,-181.65,180.0,bottom,R5,,R_0603_1608Metric,420,smt,True
264.4676,-107.489,90.0,top,R6,,R_0603_1608Metric,100,smt,True
107.4,-69.75,0.0,top,R6,,R_0603_1608Metric,300,smt,True
114.0,-56.335,0.0,top,R7,,R_0603_1608Metric,300,smt,True
259.9464,-98.5482,0.0,top,R7,,R_0603_1608Metric,100,smt,True
257.445,-95.9066,0.0,top,R8,,R_0603_1608Metric,100,smt,True
114.025,-69.75,0.0,top,R8,,R_0603_1608Metric,300,smt,True
215.6488,-116.4806,180.0,top,R9,,R_0603_1608Metric,100,smt,True
94.3725,-135.25,-90.0,top,S1,,JST_EH_B3B-EH-A_1x03_P2.50mm_Vertical,Conn_01x03_Pin,tht,True
94.3725,-124.05,-90.0,top,S2,,JST_EH_B3B-EH-A_1x03_P2.50mm_Vertical,Conn_01x03_Pin,tht,True
94.3725,-112.85,-90.0,top,S3,,JST_EH_B3B-EH-A_1x03_P2.50mm_Vertical,Conn_01x03_Pin,tht,True
94.3725,-101.65,-90.0,top,S4,,JST_EH_B3B-EH-A_1x03_P2.50mm_Vertical,Conn_01x03_Pin,tht,True
108.75,-175.35,180.0,top,SER1,,JST_EH_B3B-EH-A_1x03_P2.50mm_Vertical,Conn_01x03_Pin,tht,True
111.3725,-118.6,0.0,top,SW1,,SW_SPST_SKQG_WithoutStem,SW_Push,smt,True
259.8956,-153.7678,0.0,top,SW1,,SW_SPST_B3U-1000P-B,SW_Push,smt,True
112.535,-134.0,0.0,top,U1,,TSOT-23-6,~,smt,True
109.55,-183.2875,90.0,top,U1,,TSOT-23-6,~,smt,True
228.0862,-80.5528,0.0,top,U1,,SOIC-16_3.9x9.9mm_P1.27mm,HX711,smt,True
270.7582,-89.4936,0.0,top,U2,,SOIC-16_3.9x9.9mm_P1.27mm,HX711,smt,True
112.4125,-126.85,0.0,top,U2,,TQFP-32_7x7mm_P0.8mm,ATmega328P-A,smt,True
208.4718,-134.2352,180.0,top,U3,,SOIC-16_3.9x9.9mm_P1.27mm,HX711,smt,True
262.8928,-135.429,180.0,top,U4,,LQFP-48_7x7mm_P0.5mm,STM32F103C8Tx,smt,True
223.218,-155.7998,0.0,top,U5,,SOT-223-3_TabPin2,AZ1117-3.3,smt,True
272.1892,-135.753,90.0,top,Y1,,Resonator_SMD_Murata_CSTxExxV-3Pin_3.0x1.1mm,8Mhz,smt,True
104.9225,-129.1,90.0,top,Y1,,Resonator_SMD_Murata_CSTxExxV-3Pin_3.0x1.1mm,16MHz,smt,True
