﻿designator,quantity,value,pack,mpn,mount_type
BZ1,1,Buzzer,Buzzer_12x9.5RM7.6,,tht
Battery1,1,Conn_01x02_Socket,SolderWire-2sqmm_1x02_P7.8mm_D2mm_OD3.9mm,,tht
"C1, C10, C12, C14, C2, C3, C4, C5, C6",9,0.1uF,C_0603_1608Metric,,smt
"C1, C1, C2, C2, C3, C3, C4, C5, C8, C9",10,22uF,C_0805_2012Metric,,smt
"C10, C9",2,100nF,C_0805_2012Metric,,smt
"C11, C13, C15, C20, C7, C8, C9",7,10uF,C_0603_1608Metric,,smt
C11,1,10nF,C_0805_2012Metric,,smt
"C16, C17, C18, C19",4,100n,C_0603_1608Metric,,smt
C21,1,22uF,C_0603_1608Metric,,smt
"C4, C6, C7, C7",4,0.1uF,C_0805_2012Metric,,smt
C8,1,1uF,C_0805_2012Metric,,smt
"H1, H2, H3",3,MountingHole,MountingHole_3.2mm_M3_ISO7380,,tht
"HOLE1, HOLE1, HOLE2, HOLE2, HOLE3",5,MountingHole_3.2mm_M3,MountingHole_3.2mm_M3,,tht
J1,1,Conn_01x03_Socket,JST_EH_B3B-EH-A_1x03_P2.50mm_Vertical,,tht
"J1, J2",2,Conn_01x07_Pin,JST_XH_B7B-XH-A_1x07_P2.50mm_Vertical,,tht
J1,1,Load Cell 1,PinHeader_1x04_P2.54mm_Vertical,,tht
J1,1,AVR-ISP-6,PinHeader_2x03_P2.54mm_Vertical_SMD,,smt
J10,1,USB_C_Receptacle_USB2.0,USB_C_Receptacle_HRO_TYPE-C-31-M-12,,smt
J11,1,Conn_01x05_Pin,PinHeader_1x05_P2.54mm_Vertical,,tht
J2,1,Load Cell 2,PinHeader_1x04_P2.54mm_Vertical,,tht
J3,1,Load Cell 5,PinHeader_1x04_P2.54mm_Vertical,,tht
J3,1,Conn_01x02_Pin,JST_XH_B2B-XH-A_1x02_P2.50mm_Vertical,,tht
J4,1,Conn_01x04_Socket,JST_XH_B4B-XH-A_1x04_P2.50mm_Vertical,,tht
J4,1,Load Cell 6,PinHeader_1x04_P2.54mm_Vertical,,tht
J5,1,Load Cell 3,PinHeader_1x04_P2.54mm_Vertical,,tht
J6,1,Load Cell 4,PinHeader_1x04_P2.54mm_Vertical,,tht
"J7, J9",2,Conn_01x04_Male,PinHeader_1x04_P2.54mm_Horizontal,,tht
J8,1,Conn_01x05_Pin,PinHeader_1x05_P2.54mm_Horizontal,,tht
JP1,1,Jumper_3_Open,SolderJumper-3_P2.0mm_Open_TrianglePad1.0x1.5mm,,tht
"L1, L1",2,3.3uH,L_Taiyo-Yuden_NR-60xx,,smt
LED1,1,LED2,LED_D4.0mm,,tht
LED1,1,LED1,LED_D4.0mm,,tht
LED2,1,LED3,LED_D4.0mm,,tht
LED3,1,LED4,LED_D4.0mm,,tht
LED4,1,LED5,LED_D4.0mm,,tht
LED5,1,LED6,LED_D4.0mm,,tht
LED6,1,LED7,LED_D4.0mm,,tht
LED7,1,LED8,LED_D4.0mm,,tht
LED8,1,LED9,LED_D4.0mm,,tht
"P1, P2, P3, P4, S1, S2, S3, S4, SER1",9,Conn_01x03_Pin,JST_EH_B3B-EH-A_1x03_P2.50mm_Vertical,,tht
"Q1, Q2, Q3",3,MMS8550,SOT-23,,smt
"Q1, Q2",2,2N7002K,SOT-23,,smt
"Q4, Q5, Q6, Q7, Q8",5,2N7002,SOT-23,,smt
"R1, R2, R3, R4, R5, R6, R7, R8",8,300,R_0603_1608Metric,,smt
"R1, R19, R2, R20, R25, R26, R27, R28, R29, R3, R3, R4",12,10k,R_0603_1608Metric,,smt
"R1, R10, R11, R12, R2, R3, R4, R5, R6, R7, R8, R9",12,100,R_0603_1608Metric,,smt
"R1, R5",2,54.9k,R_0603_1608Metric,,smt
"R13, R15, R17",3,8.2k,R_0603_1608Metric,,smt
"R14, R16, R18",3,20k,R_0603_1608Metric,,smt
"R2, R4, R5",3,420,R_0603_1608Metric,,smt
"R21, R22",2,22,R_0603_1608Metric,,smt
"R23, R24",2,5.1K,R_0603_1608Metric,,smt
SW1,1,SW_Push,SW_SPST_SKQG_WithoutStem,,smt
SW1,1,SW_Push,SW_SPST_B3U-1000P-B,,smt
"U1, U1",2,~,TSOT-23-6,,smt
"U1, U2, U3",3,HX711,SOIC-16_3.9x9.9mm_P1.27mm,,smt
U2,1,ATmega328P-A,TQFP-32_7x7mm_P0.8mm,,smt
U4,1,STM32F103C8Tx,LQFP-48_7x7mm_P0.5mm,,smt
U5,1,AZ1117-3.3,SOT-223-3_TabPin2,,smt
Y1,1,8Mhz,Resonator_SMD_Murata_CSTxExxV-3Pin_3.0x1.1mm,,smt
Y1,1,16MHz,Resonator_SMD_Murata_CSTxExxV-3Pin_3.0x1.1mm,,smt
