﻿designator,quantity,value,pack,mpn,mount_type
"C1, C10, C14, C2, C5",5,0.1uF,C_0603_1608Metric,,smt
"C11, C15, C7, C9",4,10uF,C_0603_1608Metric,,smt
"C16, C17, C18, C19",4,100n,C_0603_1608Metric,,smt
C20,1,0.47uF,C_0603_1608Metric,,smt
C21,1,33uF,C_0603_1608Metric,,smt
"D1, D2, D3",3,LED,LED_2010_5025Metric,,smt
"H1, H3",2,MountingHole,MountingHole_3.2mm_M3_ISO7380,,tht
J1,1,Load Cell 1,PinHeader_1x04_P1.00mm_Vertical,,tht
J10,1,USB_C_Receptacle_USB2.0,USB_C_Receptacle_HRO_TYPE-C-31-M-12,,smt
J11,1,Conn_01x05_Pin,PinHeader_1x05_P2.54mm_Vertical,,tht
J3,1,Load Cell 5,PinHeader_1x04_P1.00mm_Vertical,,tht
J5,1,Load Cell 3,PinHeader_1x04_P1.00mm_Vertical,,tht
J7,1,Conn_01x04_Male,JST_XH_B4B-XH-A_1x04_P2.50mm_Vertical,,tht
J8,1,Conn_01x05_Pin,PinHeader_1x05_P2.54mm_Horizontal,,tht
J9,1,Conn_ST_STDC14,PinHeader_2x07_P1.27mm_Vertical_SMD,,smt
"Q1, Q3",2,MMS8550,SOT-23,,smt
"Q4, Q5, Q6, Q7, Q8",5,2N7002,SOT-23,,smt
"R1, R10, R2, R3, R31, R32, R33, R4, R9",9,100,R_0603_1608Metric,,smt
"R13, R17",2,8.2k,R_0603_1608Metric,,smt
"R14, R18",2,20k,R_0603_1608Metric,,smt
"R20, R25, R26, R27, R28, R29",6,10k,R_0603_1608Metric,,smt
"R21, R22",2,22,R_0603_1608Metric,,smt
"R23, R24",2,5.1K,R_0603_1608Metric,,smt
R30,1,200,R_0603_1608Metric,,smt
"SW1, SW2",2,SW_Push,SW_SPST_B3U-1000P-B,,smt
"U1, U3",2,HX711,SOIC-16_3.9x9.9mm_P1.27mm,,smt
U4,1,STM32F103C8Tx,LQFP-48_7x7mm_P0.5mm,,smt
U5,1,LM3940IMP-3.3/NOPB,SOT-223,,smt
Y1,1,8Mhz,Resonator_SMD_Murata_CSTxExxV-3Pin_3.0x1.1mm,,smt
