﻿pos_x,pos_y,rotation,side,designator,mpn,pack,value,mount_type,place
-21.7216,1.9516,90.0,top,C1,,C_0603_1608Metric,0.1uF,smt,True
-22.5816,-4.7484,90.0,top,C10,,C_0603_1608Metric,0.1uF,smt,True
-13.3096,-5.4994,90.0,top,C11,,C_0603_1608Metric,10uF,smt,True
11.4084,-12.9734,90.0,top,C14,,C_0603_1608Metric,0.1uF,smt,True
7.7284,-13.0584,-90.0,top,C15,,C_0603_1608Metric,10uF,smt,True
-12.1716,-12.4384,180.0,top,C16,,C_0603_1608Metric,100n,smt,True
-21.9216,-19.2284,-90.0,top,C17,,C_0603_1608Metric,100n,smt,True
-4.6736,-14.8844,90.0,top,C18,,C_0603_1608Metric,100n,smt,True
-13.8616,-26.3684,180.0,top,C19,,C_0603_1608Metric,100n,smt,True
-19.9116,-13.7084,0.0,top,C2,,C_0603_1608Metric,0.1uF,smt,True
14.8284,-12.9584,90.0,top,C20,,C_0603_1608Metric,0.47uF,smt,True
7.9884,-16.4184,-90.0,top,C21,,C_0603_1608Metric,33uF,smt,True
6.3484,-16.3984,-90.0,top,C5,,C_0603_1608Metric,0.1uF,smt,True
-22.4536,-1.1684,-90.0,top,C7,,C_0603_1608Metric,10uF,smt,True
9.7284,-12.8634,90.0,top,C9,,C_0603_1608Metric,10uF,smt,True
18.5484,-18.9084,-90.0,top,D1,,LED_2010_5025Metric,LED,smt,True
24.0084,-0.8784,90.0,top,D2,,LED_2010_5025Metric,LED,smt,True
18.5784,-11.5084,-90.0,top,D3,,LED_2010_5025Metric,LED,smt,True
24.5872,-11.3792,0.0,top,H1,,MountingHole_3.2mm_M3_ISO7380,MountingHole,tht,True
-25.6916,-11.2584,0.0,top,H3,,MountingHole_3.2mm_M3_ISO7380,MountingHole,tht,True
-14.6812,2.0588,0.0,top,J1,,PinHeader_1x04_P1.00mm_Vertical,Load Cell 1,tht,False
-6.0396,-32.7244,0.0,top,J10,,USB_C_Receptacle_HRO_TYPE-C-31-M-12,USB_C_Receptacle_USB2.0,smt,True
19.051278,-30.792832,130.0,top,J11,,PinHeader_1x05_P2.54mm_Vertical,Conn_01x05_Pin,tht,True
-1.5776,-14.3764,90.0,top,J3,,PinHeader_1x04_P1.00mm_Vertical,Load Cell 5,tht,False
-11.88106,-8.84534,45.0,top,J5,,PinHeader_1x04_P1.00mm_Vertical,Load Cell 3,tht,False
-20.270907,-27.899366,140.0,top,J7,,JST_XH_B4B-XH-A_1x04_P2.50mm_Vertical,Conn_01x04_Male,tht,True
12.0904,-32.1564,-90.0,top,J8,,PinHeader_1x05_P2.54mm_Horizontal,Conn_01x05_Pin,tht,True
-27.7316,-0.8384,0.0,top,J9,,PinHeader_2x07_P1.27mm_Vertical_SMD,Conn_ST_STDC14,smt,True
-30.6216,-13.9284,180.0,top,Q1,,SOT-23,MMS8550,smt,True
15.4609,-5.6384,180.0,top,Q3,,SOT-23,MMS8550,smt,True
18.3409,-24.0284,0.0,top,Q4,,SOT-23,2N7002,smt,True
20.0709,1.8916,180.0,top,Q5,,SOT-23,2N7002,smt,True
15.5309,-1.9184,180.0,top,Q6,,SOT-23,2N7002,smt,True
14.340899,-27.5284,0.0,top,Q7,,SOT-23,2N7002,smt,True
15.6409,1.8616,180.0,top,Q8,,SOT-23,2N7002,smt,True
-17.8966,-0.5284,180.0,top,R1,,R_0603_1608Metric,100,smt,True
7.4684,-22.1784,180.0,top,R10,,R_0603_1608Metric,100,smt,True
-16.8116,1.7016,90.0,top,R13,,R_0603_1608Metric,8.2k,smt,True
-23.0966,-7.2384,0.0,top,R14,,R_0603_1608Metric,20k,smt,True
-6.9088,-19.6596,90.0,top,R17,,R_0603_1608Metric,8.2k,smt,True
-4.8816,-19.7084,-90.0,top,R18,,R_0603_1608Metric,20k,smt,True
-18.9016,1.8816,90.0,top,R2,,R_0603_1608Metric,100,smt,True
-30.7416,-7.6284,90.0,top,R20,,R_0603_1608Metric,10k,smt,True
-14.8966,-32.0284,0.0,top,R21,,R_0603_1608Metric,22,smt,True
-14.8966,-30.5284,0.0,top,R22,,R_0603_1608Metric,22,smt,True
-6.2216,-23.5284,-90.0,top,R23,,R_0603_1608Metric,5.1K,smt,True
-3.8916,-23.0584,90.0,top,R24,,R_0603_1608Metric,5.1K,smt,True
1.4984,-28.6184,-90.0,top,R25,,R_0603_1608Metric,10k,smt,True
4.2584,-28.6284,-90.0,top,R26,,R_0603_1608Metric,10k,smt,True
6.5624,-28.6004,-90.0,top,R27,,R_0603_1608Metric,10k,smt,True
9.0724,-28.6004,-90.0,top,R28,,R_0603_1608Metric,10k,smt,True
11.5824,-28.6004,-90.0,top,R29,,R_0603_1608Metric,10k,smt,True
-6.4716,-14.9184,-90.0,top,R3,,R_0603_1608Metric,100,smt,True
28.6884,3.1316,180.0,top,R30,,R_0603_1608Metric,200,smt,True
28.6984,1.4916,180.0,top,R31,,R_0603_1608Metric,100,smt,True
21.2784,-15.0284,90.0,top,R32,,R_0603_1608Metric,100,smt,True
28.7884,-1.8584,180.0,top,R33,,R_0603_1608Metric,100,smt,True
-7.6816,-12.6184,0.0,top,R4,,R_0603_1608Metric,100,smt,True
13.1984,-13.0084,-90.0,top,R9,,R_0603_1608Metric,100,smt,True
-29.4216,-18.6284,50.0,top,SW1,,SW_SPST_B3U-1000P-B,SW_Push,smt,True
28.6384,-5.2884,-90.0,top,SW2,,SW_SPST_B3U-1000P-B,SW_Push,smt,True
-17.8816,-7.2644,0.0,top,U1,,SOIC-16_3.9x9.9mm_P1.27mm,HX711,smt,True
1.4584,-21.3884,0.0,top,U3,,SOIC-16_3.9x9.9mm_P1.27mm,HX711,smt,True
-14.4116,-19.3184,135.0,top,U4,,LQFP-48_7x7mm_P0.5mm,STM32F103C8Tx,smt,True
12.5984,-19.4564,-90.0,top,U5,,SOT-223,LM3940IMP-3.3/NOPB,smt,True
-9.5816,-24.8884,45.0,top,Y1,,Resonator_SMD_Murata_CSTxExxV-3Pin_3.0x1.1mm,8Mhz,smt,True
