﻿designator,quantity,value,pack,mpn,mount_type
C1,1,10n,C_0603_1608Metric,,smt
"C2, C4, C5, C6, C7",5,100n,C_0603_1608Metric,,smt
C3,1,1u,C_0603_1608Metric,,smt
"H1, H2, H3",3,MountingHole,MountingHole_3.2mm_M3,,tht
J1,1,Conn_01x04_Pin,PinHeader_1x04_P2.54mm_Vertical,,tht
J2,1,AVR-ISP-6,IDC-Header_2x03_P2.54mm_Vertical_SMD,,smt
J3,1,Conn_01x06_Pin,PinHeader_1x06_P2.54mm_Vertical,,tht
"R1, R2, R3, R4, R5",5,10k,R_0603_1608Metric,,smt
SW1,1,Reset,SW_SPST_SKQG_WithStem,,smt
"U1, U2, U3, U4",4,~,HV120SM02C,,smt
U5,1,ATmega328P-A,TQFP-32_7x7mm_P0.8mm,,smt
Y1,1,8MHz,Resonator_SMD-3Pin_7.2x3.0mm_HandSoldering,,smt
