﻿pos_x,pos_y,rotation,side,designator,mpn,pack,value,mount_type,place
113.2508,-101.8582,-90.0,top,C1,,C_0603_1608Metric,10n,smt,True
126.5096,-106.481,-90.0,top,C2,,C_0603_1608Metric,100n,smt,True
113.6064,-110.037,-90.0,top,C3,,C_0603_1608Metric,1u,smt,True
182.7452,-83.3416,-90.0,top,C4,,C_0603_1608Metric,100n,smt,True
164.7112,-83.9766,-90.0,top,C5,,C_0603_1608Metric,100n,smt,True
147.236,-84.1036,-90.0,top,C6,,C_0603_1608Metric,100n,smt,True
129.964,-83.9766,-90.0,top,C7,,C_0603_1608Metric,100n,smt,True
103.772,-95.8448,0.0,top,H1,,MountingHole_3.2mm_M3,MountingHole,tht,True
147.272,-67.8448,0.0,top,H2,,MountingHole_3.2mm_M3,MountingHole,tht,True
190.772,-95.8448,0.0,top,H3,,MountingHole_3.2mm_M3,MountingHole,tht,True
161.968,-113.4306,180.0,top,J1,,PinHeader_1x04_P2.54mm_Vertical,Conn_01x04_Pin,tht,True
143.553,-110.2556,-90.0,top,J2,,IDC-Header_2x03_P2.54mm_Vertical_SMD,AVR-ISP-6,smt,True
154.983,-118.5206,180.0,top,J3,,PinHeader_1x06_P2.54mm_Vertical,Conn_01x06_Pin,tht,True
114.137,-116.5198,-90.0,top,R1,,R_0603_1608Metric,10k,smt,True
116.677,-116.5198,-90.0,top,R2,,R_0603_1608Metric,10k,smt,True
119.217,-116.5198,-90.0,top,R3,,R_0603_1608Metric,10k,smt,True
121.757,-116.5198,-90.0,top,R4,,R_0603_1608Metric,10k,smt,True
136.362,-102.2948,-90.0,top,R5,,R_0603_1608Metric,10k,smt,True
174.108,-114.1306,0.0,top,SW1,,SW_SPST_SKQG_WithStem,Reset,smt,True
121.201,-88.3708,90.0,top,U1,,HV120SM02C,~,smt,False
138.595,-88.3678,90.0,top,U2,,HV120SM02C,~,smt,False
155.999,-88.3698,90.0,top,U3,,HV120SM02C,~,smt,False
173.398,-88.3698,90.0,top,U4,,HV120SM02C,~,smt,False
119.931,-105.8968,180.0,top,U5,,TQFP-32_7x7mm_P0.8mm,ATmega328P-A,smt,True
130.472,-104.8448,-90.0,top,Y1,,Resonator_SMD-3Pin_7.2x3.0mm_HandSoldering,8MHz,smt,True
