﻿Designator,Footprint,Quantity,Value,LCSC Part #
"C1, C16, C17, C18, C19, C2, C3, C5, C6",0603,9,100n,C116838
C20,0603,1,470n,C106250
C4,0603,1,220n,C106857
"C7, C8, C9",0603,3,10u,C90806
D1,0805,1,LED,C84256
D2,0805,1,LED,C965818
D3,0805,1,LED,C965815
D4,LED_ROHM_SMLVN6,1,SMLVN6RGB,C2842809
J10,USB_C_Receptacle_HRO_TYPE-C-31-M-12,1,USB_C_Receptacle_USB2.0,C165948
J7,JST_XH_B4B-XH-A_1x04_P2.50mm_Vertical,1,Conn_01x04_Male,C594232
J9,PinHeader_2x07_P1.27mm_Vertical_SMD,1,Conn_ST_STDC14,C2881912
"Q4, Q5, Q6, Q7, Q8",SOT-23,5,2N7002,C5224215
"R1, R2, R3, R4, R5, R6",0603,6,1k,C73797
"R10, R8",0603,2,50,C849792
"R20, R25, R26, R27, R28, R29",0603,6,10k,C25804
"R21, R22",0603,2,22,C23345
"R23, R24",0603,2,5.1K,C23186
R30,0603,1,200,C8218
R31,0603,1,300,C23025
"R7, R9",0603,2,100,C105588
SW1,KMR2_G_CNK,1,KMR223G LFG,C221678
U1,QFN_WQFN_RUK_TEX,1,ADS131M03IRUKx,C5116472
U2,MP04A,1,LM3940IMP-3.3/NOPB,C140319
U4,QFN-48-1EP_7x7mm_P0.5mm_EP5.6x5.6mm,1,STM32F103CBU6,C55506
Y1,Resonator_SMD_Murata_CSTxExxV-3Pin_3.0x1.1mm,1,8M,C341522
